TIME,MAX,CURRENT,MIN,PERCENT,the_required,count,maxx,new fitting,x
2/5/2021 16:01,1576,1576,1080,100.00%,100,953,953,93.53276699,15.76
2/5/2021 16:04,1576,1576,1080,100.00%,99.89506821,952,953,93.53276699,15.76
2/5/2021 16:06,1605,1605,1080,100.00%,99.79013641,951,953,95.7276537,16.05
2/5/2021 16:11,1605,1604,1080,99.81%,99.68520462,950,953,95.69018336,16.04
2/5/2021 16:16,1605,1601,1080,99.24%,99.58027282,949,953,95.56071052,16.01
2/5/2021 16:21,1605,1603,1080,99.62%,99.47534103,948,953,95.64986026,16.03
2/5/2021 16:26,1605,1600,1080,99.05%,99.37040923,947,953,95.51191124,16
2/5/2021 16:31,1605,1600,1080,99.05%,99.26547744,946,953,95.51191124,16
2/5/2021 16:36,1605,1598,1080,98.67%,99.16054565,945,953,95.40593219,15.98
2/5/2021 16:36,1605,1598,1080,98.67%,99.05561385,944,953,95.40593219,15.98
2/5/2021 16:41,1605,1599,1080,98.86%,98.95068206,943,953,95.4603139,15.99
2/5/2021 16:46,1605,1596,1080,98.29%,98.84575026,942,953,95.28887036,15.96
2/5/2021 16:51,1605,1597,1080,98.48%,98.74081847,941,953,95.34877978,15.97
2/5/2021 16:56,1605,1596,1080,98.29%,98.63588667,940,953,95.28887036,15.96
2/5/2021 17:01,1605,1594,1080,97.90%,98.53095488,939,953,95.16083514,15.94
2/5/2021 17:06,1605,1594,1080,97.90%,98.42602308,938,953,95.16083514,15.94
2/5/2021 17:08,1605,1594,1080,97.90%,98.32109129,937,953,95.16083514,15.94
2/5/2021 17:11,1605,1594,1080,97.90%,98.2161595,936,953,95.16083514,15.94
2/5/2021 17:16,1605,1594,1080,97.90%,98.1112277,935,953,95.16083514,15.94
2/5/2021 17:21,1605,1591,1080,97.33%,98.00629591,934,953,94.94844652,15.91
2/5/2021 17:24,1605,1591,1080,97.33%,97.90136411,933,953,94.94844652,15.91
2/5/2021 17:26,1605,1589,1080,96.95%,97.79643232,932,953,94.79345646,15.89
2/5/2021 17:31,1605,1589,1080,96.95%,97.69150052,931,953,94.79345646,15.89
2/5/2021 17:36,1605,1589,1080,96.95%,97.58656873,930,953,94.79345646,15.89
2/5/2021 17:41,1605,1588,1080,96.76%,97.48163694,929,953,94.71198317,15.88
2/5/2021 17:46,1605,1588,1080,96.76%,97.37670514,928,953,94.71198317,15.88
2/5/2021 17:51,1605,1586,1080,96.38%,97.27177335,927,953,94.54114841,15.86
2/5/2021 17:54,1605,1586,1080,96.38%,97.16684155,926,953,94.54114841,15.86
2/5/2021 17:56,1605,1587,1080,96.57%,97.06190976,925,953,94.62787593,15.87
2/5/2021 18:01,1605,1584,1080,96.00%,96.95697796,924,953,94.35988728,15.84
2/5/2021 18:06,1605,1583,1080,95.81%,96.85204617,923,953,94.26538101,15.83
2/5/2021 18:11,1605,1583,1080,95.81%,96.74711438,922,953,94.26538101,15.83
2/5/2021 18:16,1605,1584,1080,96.00%,96.64218258,921,953,94.35988728,15.84
2/5/2021 18:19,1605,1584,1080,96.00%,96.53725079,920,953,94.35988728,15.84
2/5/2021 18:21,1605,1582,1080,95.62%,96.43231899,919,953,94.16830917,15.82
2/5/2021 18:26,1605,1583,1080,95.81%,96.3273872,918,953,94.26538101,15.83
2/5/2021 18:31,1605,1584,1080,96.00%,96.2224554,917,953,94.35988728,15.84
2/5/2021 18:36,1605,1570,1080,93.33%,96.11752361,916,953,92.80831045,15.7
2/5/2021 18:41,1605,1583,1080,95.81%,96.01259182,915,953,94.26538101,15.83
2/5/2021 18:46,1605,1582,1080,95.62%,95.90766002,914,953,94.16830917,15.82
2/5/2021 18:51,1605,1577,1080,94.67%,95.80272823,913,953,93.64494506,15.77
2/5/2021 18:56,1605,1582,1080,95.62%,95.69779643,912,953,94.16830917,15.82
2/5/2021 19:01,1605,1583,1080,95.81%,95.59286464,911,953,94.26538101,15.83
2/5/2021 19:06,1605,1567,1080,92.76%,95.48793284,910,953,92.41366238,15.67
2/5/2021 19:11,1605,1567,1080,92.76%,95.38300105,909,953,92.41366238,15.67
2/5/2021 19:16,1605,1568,1080,92.95%,95.27806925,908,953,92.54757674,15.68
2/5/2021 19:17,1605,1568,1080,92.95%,95.17313746,907,953,92.54757674,15.68
2/5/2021 19:21,1605,1579,1080,95.05%,95.06820567,906,953,93.86183699,15.79
2/5/2021 19:26,1605,1581,1080,95.43%,94.96327387,905,953,94.06868544,15.81
2/5/2021 19:31,1605,1579,1080,95.05%,94.85834208,904,953,93.86183699,15.79
2/5/2021 19:36,1605,1579,1080,95.05%,94.75341028,903,953,93.86183699,15.79
2/5/2021 19:41,1605,1581,1080,95.43%,94.64847849,902,953,94.06868544,15.81
2/5/2021 19:46,1605,1580,1080,95.24%,94.54354669,901,953,93.96652348,15.8
2/5/2021 19:48,1605,1580,1080,95.24%,94.4386149,900,953,93.96652348,15.8
2/5/2021 19:51,1605,1580,1080,95.24%,94.33368311,899,953,93.96652348,15.8
2/5/2021 19:56,1605,1577,1080,94.67%,94.22875131,898,953,93.64494506,15.77
2/5/2021 20:01,1605,1579,1080,95.05%,94.12381952,897,953,93.86183699,15.79
2/5/2021 20:06,1605,1578,1080,94.86%,94.01888772,896,953,93.75463962,15.78
2/5/2021 20:11,1605,1579,1080,95.05%,93.91395593,895,953,93.86183699,15.79
2/5/2021 20:15,1605,1579,1080,95.05%,93.80902413,894,953,93.86183699,15.79
2/5/2021 20:16,1605,1577,1080,94.67%,93.70409234,893,953,93.64494506,15.77
2/5/2021 20:21,1605,1579,1080,95.05%,93.59916055,892,953,93.86183699,15.79
2/5/2021 20:26,1605,1576,1080,94.48%,93.49422875,891,953,93.53276699,15.76
2/5/2021 20:31,1605,1578,1080,94.86%,93.38929696,890,953,93.75463962,15.78
2/5/2021 20:36,1605,1575,1080,94.29%,93.28436516,889,953,93.41811907,15.75
2/5/2021 20:41,1605,1577,1080,94.67%,93.17943337,888,953,93.64494506,15.77
2/5/2021 20:46,1605,1575,1080,94.29%,93.07450157,887,953,93.41811907,15.75
2/5/2021 20:51,1605,1577,1080,94.67%,92.96956978,886,953,93.64494506,15.77
2/5/2021 20:56,1605,1575,1080,94.29%,92.86463799,885,953,93.41811907,15.75
2/5/2021 21:01,1605,1575,1080,94.29%,92.75970619,884,953,93.41811907,15.75
2/5/2021 21:03,1605,1575,1080,94.29%,92.6547744,883,953,93.41811907,15.75
2/5/2021 21:06,1605,1575,1080,94.29%,92.5498426,882,953,93.41811907,15.75
2/5/2021 21:11,1605,1575,1080,94.29%,92.44491081,881,953,93.41811907,15.75
2/5/2021 21:12,1605,1575,1080,94.29%,92.33997901,880,953,93.41811907,15.75
2/5/2021 21:16,1605,1576,1080,94.48%,92.23504722,879,953,93.53276699,15.76
2/5/2021 21:21,1605,1573,1080,93.90%,92.13011542,878,953,93.1814684,15.73
2/5/2021 21:26,1605,1576,1080,94.48%,92.02518363,877,953,93.53276699,15.76
2/5/2021 21:31,1605,1572,1080,93.71%,91.92025184,876,953,93.059493,15.72
2/5/2021 21:36,1605,1574,1080,94.10%,91.81532004,875,953,93.30101498,15.74
2/5/2021 21:41,1605,1573,1080,93.90%,91.71038825,874,953,93.1814684,15.73
2/5/2021 21:46,1605,1573,1080,93.90%,91.60545645,873,953,93.1814684,15.73
2/5/2021 21:51,1605,1572,1080,93.71%,91.50052466,872,953,93.059493,15.72
2/5/2021 21:56,1605,1573,1080,93.90%,91.39559286,871,953,93.1814684,15.73
2/5/2021 22:00,1605,1573,1080,93.90%,91.29066107,870,953,93.1814684,15.73
2/5/2021 22:01,1605,1571,1080,93.52%,91.18572928,869,953,92.93510246,15.71
2/5/2021 22:06,1605,1573,1080,93.90%,91.08079748,868,953,93.1814684,15.73
2/5/2021 22:11,1605,1571,1080,93.52%,90.97586569,867,953,92.93510246,15.71
2/5/2021 22:15,1605,1571,1080,93.52%,90.87093389,866,953,92.93510246,15.71
2/5/2021 22:16,1605,1572,1080,93.71%,90.7660021,865,953,93.059493,15.72
2/5/2021 22:21,1605,1573,1080,93.90%,90.6610703,864,953,93.1814684,15.73
2/5/2021 22:26,1605,1570,1080,93.33%,90.55613851,863,953,92.80831045,15.7
2/5/2021 22:31,1605,1570,1080,93.33%,90.45120672,862,953,92.80831045,15.7
2/5/2021 22:36,1605,1570,1080,93.33%,90.34627492,861,953,92.80831045,15.7
2/5/2021 22:41,1605,1572,1080,93.71%,90.24134313,860,953,93.059493,15.72
2/5/2021 22:46,1605,1566,1080,92.57%,90.13641133,859,953,92.27740125,15.66
2/5/2021 22:51,1605,1570,1080,93.33%,90.03147954,858,953,92.80831045,15.7
2/5/2021 22:56,1605,1569,1080,93.14%,89.92654774,857,953,92.67913065,15.69
2/5/2021 23:01,1605,1570,1080,93.33%,89.82161595,856,953,92.80831045,15.7
2/5/2021 23:06,1605,1566,1080,92.57%,89.71668416,855,953,92.27740125,15.66
2/5/2021 23:11,1605,1566,1080,92.57%,89.61175236,854,953,92.27740125,15.66
2/5/2021 23:16,1605,1566,1080,92.57%,89.50682057,853,953,92.27740125,15.66
2/5/2021 23:21,1605,1563,1080,92.00%,89.40188877,852,953,91.85467403,15.63
2/5/2021 23:26,1605,1564,1080,92.19%,89.29695698,851,953,91.99789341,15.64
2/5/2021 23:31,1605,1565,1080,92.38%,89.19202518,850,953,92.13880704,15.65
2/5/2021 23:36,1605,1565,1080,92.38%,89.08709339,849,953,92.13880704,15.65
2/5/2021 23:41,1605,1566,1080,92.57%,88.98216159,848,953,92.27740125,15.66
2/5/2021 23:46,1605,1563,1080,92.00%,88.8772298,847,953,91.85467403,15.63
2/5/2021 23:51,1605,1563,1080,92.00%,88.77229801,846,953,91.85467403,15.63
2/5/2021 23:56,1605,1560,1080,91.43%,88.66736621,845,953,91.41131822,15.6
2/6/2021 0:01,1605,1562,1080,91.81%,88.56243442,844,953,91.7091626,15.62
2/6/2021 0:06,1605,1559,1080,91.24%,88.45750262,843,953,91.25901264,15.59
2/6/2021 0:11,1605,1562,1080,91.81%,88.35257083,842,953,91.7091626,15.62
2/6/2021 0:16,1605,1558,1080,91.05%,88.24763903,841,953,91.10446969,15.58
2/6/2021 0:21,1605,1557,1080,90.86%,88.14270724,840,953,90.94770305,15.57
2/6/2021 0:26,1605,1559,1080,91.24%,88.03777545,839,953,91.25901264,15.59
2/6/2021 0:31,1605,1557,1080,90.86%,87.93284365,838,953,90.94770305,15.57
2/6/2021 0:36,1605,1555,1080,90.48%,87.82791186,837,953,90.62755341,15.55
2/6/2021 0:41,1605,1557,1080,90.86%,87.72298006,836,953,90.94770305,15.57
2/6/2021 0:46,1605,1555,1080,90.48%,87.61804827,835,953,90.62755341,15.55
2/6/2021 0:51,1605,1554,1080,90.29%,87.51311647,834,953,90.46419775,15.54
2/6/2021 0:56,1605,1550,1080,89.52%,87.40818468,833,953,89.78922198,15.5
2/6/2021 1:01,1605,1550,1080,89.52%,87.30325289,832,953,89.78922198,15.5
2/6/2021 1:06,1605,1544,1080,88.38%,87.19832109,831,953,88.71360319,15.44
2/6/2021 1:11,1605,1542,1080,88.00%,87.0933893,830,953,88.33865982,15.42
2/6/2021 1:16,1605,1535,1080,86.67%,86.9884575,829,953,86.96392206,15.35
2/6/2021 1:21,1605,1536,1080,86.86%,86.88352571,828,953,87.16615005,15.36
2/6/2021 1:26,1605,1536,1080,86.86%,86.77859391,827,953,87.16615005,15.36
2/6/2021 1:31,1605,1535,1080,86.67%,86.67366212,826,953,86.96392206,15.35
2/6/2021 1:36,1605,1536,1080,86.86%,86.56873033,825,953,87.16615005,15.36
2/6/2021 1:41,1605,1535,1080,86.67%,86.46379853,824,953,86.96392206,15.35
2/6/2021 1:46,1605,1535,1080,86.67%,86.35886674,823,953,86.96392206,15.35
2/6/2021 1:51,1605,1535,1080,86.67%,86.25393494,822,953,86.96392206,15.35
2/6/2021 1:56,1605,1535,1080,86.67%,86.14900315,821,953,86.96392206,15.35
2/6/2021 2:01,1605,1537,1080,87.05%,86.04407135,820,953,87.36645521,15.37
2/6/2021 2:06,1605,1535,1080,86.67%,85.93913956,819,953,86.96392206,15.35
2/6/2021 2:11,1605,1534,1080,86.48%,85.83420776,818,953,86.7597849,15.34
2/6/2021 2:16,1605,1534,1080,86.48%,85.72927597,817,953,86.7597849,15.34
2/6/2021 2:21,1605,1534,1080,86.48%,85.62434418,816,953,86.7597849,15.34
2/6/2021 2:26,1605,1534,1080,86.48%,85.51941238,815,953,86.7597849,15.34
2/6/2021 2:31,1605,1535,1080,86.67%,85.41448059,814,953,86.96392206,15.35
2/6/2021 2:36,1605,1534,1080,86.48%,85.30954879,813,953,86.7597849,15.34
2/6/2021 2:41,1605,1534,1080,86.48%,85.204617,812,953,86.7597849,15.34
2/6/2021 2:46,1605,1533,1080,86.29%,85.0996852,811,953,86.55375227,15.33
2/6/2021 2:51,1605,1534,1080,86.48%,84.99475341,810,953,86.7597849,15.34
2/6/2021 2:56,1605,1533,1080,86.29%,84.88982162,809,953,86.55375227,15.33
2/6/2021 3:01,1605,1533,1080,86.29%,84.78488982,808,953,86.55375227,15.33
2/6/2021 3:06,1605,1533,1080,86.29%,84.67995803,807,953,86.55375227,15.33
2/6/2021 3:11,1605,1533,1080,86.29%,84.57502623,806,953,86.55375227,15.33
2/6/2021 3:16,1605,1532,1080,86.10%,84.47009444,805,953,86.34583782,15.32
2/6/2021 3:21,1605,1531,1080,85.90%,84.36516264,804,953,86.13605523,15.31
2/6/2021 3:26,1605,1530,1080,85.71%,84.26023085,803,953,85.92441819,15.3
2/6/2021 3:31,1605,1531,1080,85.90%,84.15529906,802,953,86.13605523,15.31
2/6/2021 3:36,1605,1530,1080,85.71%,84.05036726,801,953,85.92441819,15.3
2/6/2021 3:41,1605,1526,1080,84.95%,83.94543547,800,953,85.05959892,15.26
2/6/2021 3:46,1605,1528,1080,85.33%,83.84050367,799,953,85.49563542,15.28
2/6/2021 3:51,1605,1527,1080,85.14%,83.73557188,798,953,85.27851705,15.27
2/6/2021 3:56,1605,1527,1080,85.14%,83.63064008,797,953,85.27851705,15.27
2/6/2021 4:01,1605,1523,1080,84.38%,83.52570829,796,953,84.39218273,15.23
2/6/2021 4:06,1605,1525,1080,84.76%,83.4207765,795,953,84.83889471,15.25
2/6/2021 4:11,1605,1523,1080,84.38%,83.3158447,794,953,84.39218273,15.23
2/6/2021 4:16,1605,1524,1080,84.57%,83.21091291,793,953,84.61641808,15.24
2/6/2021 4:21,1605,1520,1080,83.81%,83.10598111,792,953,83.709061,15.2
2/6/2021 4:26,1605,1524,1080,84.57%,83.00104932,791,953,84.61641808,15.24
2/6/2021 4:31,1605,1520,1080,83.81%,82.89611752,790,953,83.709061,15.2
2/6/2021 4:36,1605,1520,1080,83.81%,82.79118573,789,953,83.709061,15.2
2/6/2021 4:41,1605,1520,1080,83.81%,82.68625393,788,953,83.709061,15.2
2/6/2021 4:46,1605,1521,1080,84.00%,82.58132214,787,953,83.93849051,15.21
2/6/2021 4:51,1605,1519,1080,83.62%,82.47639035,786,953,83.47792746,15.19
2/6/2021 4:56,1605,1520,1080,83.81%,82.37145855,785,953,83.709061,15.2
2/6/2021 5:01,1605,1519,1080,83.62%,82.26652676,784,953,83.47792746,15.19
2/6/2021 5:06,1605,1518,1080,83.43%,82.16159496,783,953,83.24510357,15.18
2/6/2021 5:11,1605,1518,1080,83.43%,82.05666317,782,953,83.24510357,15.18
2/6/2021 5:16,1605,1517,1080,83.24%,81.95173137,781,953,83.01060299,15.17
2/6/2021 5:21,1605,1518,1080,83.43%,81.84679958,780,953,83.24510357,15.18
2/6/2021 5:26,1605,1517,1080,83.24%,81.74186779,779,953,83.01060299,15.17
2/6/2021 5:31,1605,1517,1080,83.24%,81.63693599,778,953,83.01060299,15.17
2/6/2021 5:36,1605,1516,1080,83.05%,81.5320042,777,953,82.7744394,15.16
2/6/2021 5:41,1605,1516,1080,83.05%,81.4270724,776,953,82.7744394,15.16
2/6/2021 5:46,1605,1515,1080,82.86%,81.32214061,775,953,82.53662648,15.15
2/6/2021 5:51,1605,1515,1080,82.86%,81.21720881,774,953,82.53662648,15.15
2/6/2021 5:56,1605,1515,1080,82.86%,81.11227702,773,953,82.53662648,15.15
2/6/2021 6:01,1605,1515,1080,82.86%,81.00734523,772,953,82.53662648,15.15
2/6/2021 6:06,1605,1515,1080,82.86%,80.90241343,771,953,82.53662648,15.15
2/6/2021 6:11,1605,1511,1080,82.10%,80.79748164,770,953,81.56915499,15.11
2/6/2021 6:16,1605,1509,1080,81.71%,80.69254984,769,953,81.0758788,15.09
2/6/2021 6:21,1605,1510,1080,81.90%,80.58761805,768,953,81.32330054,15.1
2/6/2021 6:26,1605,1509,1080,81.71%,80.48268625,767,953,81.0758788,15.09
2/6/2021 6:31,1605,1512,1080,82.29%,80.37775446,766,953,81.81342848,15.12
2/6/2021 6:36,1605,1508,1080,81.52%,80.27282267,765,953,80.82690346,15.08
2/6/2021 6:41,1605,1509,1080,81.71%,80.16789087,764,953,81.0758788,15.09
2/6/2021 6:46,1605,1507,1080,81.33%,80.06295908,763,953,80.57638819,15.07
2/6/2021 6:51,1605,1508,1080,81.52%,79.95802728,762,953,80.82690346,15.08
2/6/2021 6:51,1605,1508,1080,81.52%,79.85309549,761,953,80.82690346,15.08
2/6/2021 6:56,1605,1506,1080,81.14%,79.74816369,760,953,80.32434667,15.06
2/6/2021 7:00,1605,1506,1080,81.14%,79.6432319,759,953,80.32434667,15.06
2/6/2021 7:01,1605,1507,1080,81.33%,79.5383001,758,953,80.57638819,15.07
2/6/2021 7:06,1605,1505,1080,80.95%,79.43336831,757,953,80.07079256,15.05
2/6/2021 7:11,1605,1503,1080,80.57%,79.32843652,756,953,79.55920131,15.03
2/6/2021 7:16,1605,1505,1080,80.95%,79.22350472,755,953,80.07079256,15.05
2/6/2021 7:21,1605,1504,1080,80.76%,79.11857293,754,953,79.81573955,15.04
2/6/2021 7:26,1605,1503,1080,80.57%,79.01364113,753,953,79.55920131,15.03
2/6/2021 7:31,1605,1504,1080,80.76%,78.90870934,752,953,79.81573955,15.04
2/6/2021 7:36,1605,1501,1080,80.19%,78.80377754,751,953,79.04172384,15.01
2/6/2021 7:41,1605,1504,1080,80.76%,78.69884575,750,953,79.81573955,15.04
2/6/2021 7:46,1605,1501,1080,80.19%,78.59391396,749,953,79.04172384,15.01
2/6/2021 7:47,1605,1501,1080,80.19%,78.48898216,748,953,79.04172384,15.01
2/6/2021 7:51,1605,1502,1080,80.38%,78.38405037,747,953,79.30119152,15.02
2/6/2021 7:56,1605,1500,1080,80.00%,78.27911857,746,953,78.78081197,15
2/6/2021 8:01,1605,1500,1080,80.00%,78.17418678,745,953,78.78081197,15
2/6/2021 8:06,1605,1498,1080,79.62%,78.06925498,744,953,78.2547103,14.98
2/6/2021 8:11,1605,1501,1080,80.19%,77.96432319,743,953,79.04172384,15.01
2/6/2021 8:16,1605,1499,1080,79.81%,77.8593914,742,953,78.51846956,14.99
2/6/2021 8:21,1605,1498,1080,79.62%,77.7544596,741,953,78.2547103,14.98
2/6/2021 8:26,1605,1498,1080,79.62%,77.64952781,740,953,78.2547103,14.98
2/6/2021 8:29,1605,1498,1080,79.62%,77.54459601,739,953,78.2547103,14.98
2/6/2021 8:31,1605,1496,1080,79.24%,77.43966422,738,953,77.72299591,14.96
2/6/2021 8:36,1605,1497,1080,79.43%,77.33473242,737,953,77.98954785,14.97
2/6/2021 8:38,1605,1497,1080,79.43%,77.22980063,736,953,77.98954785,14.97
2/6/2021 8:41,1605,1495,1080,79.05%,77.12486884,735,953,77.45506814,14.95
2/6/2021 8:46,1605,1496,1080,79.24%,77.01993704,734,953,77.72299591,14.96
2/6/2021 8:51,1605,1496,1080,79.24%,76.91500525,733,953,77.72299591,14.96
2/6/2021 8:56,1605,1495,1080,79.05%,76.81007345,732,953,77.45506814,14.95
2/6/2021 9:01,1605,1495,1080,79.05%,76.70514166,731,953,77.45506814,14.95
2/6/2021 9:03,1605,1495,1080,79.05%,76.60020986,730,953,77.45506814,14.95
2/6/2021 9:06,1605,1493,1080,78.67%,76.49527807,729,953,76.91513981,14.93
2/6/2021 9:11,1605,1494,1080,78.86%,76.39034627,728,953,77.18577821,14.94
2/6/2021 9:16,1605,1493,1080,78.67%,76.28541448,727,953,76.91513981,14.93
2/6/2021 9:21,1605,1493,1080,78.67%,76.18048269,726,953,76.91513981,14.93
2/6/2021 9:22,1605,1493,1080,78.67%,76.07555089,725,953,76.91513981,14.93
2/6/2021 9:26,1605,1491,1080,78.29%,75.9706191,724,953,76.36987226,14.91
2/6/2021 9:31,1605,1492,1080,78.48%,75.8656873,723,953,76.6431666,14.92
2/6/2021 9:36,1605,1489,1080,77.90%,75.76075551,722,953,75.81937491,14.89
2/6/2021 9:41,1605,1491,1080,78.29%,75.65582371,721,953,76.36987226,14.91
2/6/2021 9:42,1605,1491,1080,78.29%,75.55089192,720,953,76.36987226,14.91
2/6/2021 9:46,1605,1488,1080,77.71%,75.44596013,719,953,75.54219925,14.88
2/6/2021 9:51,1605,1490,1080,78.10%,75.34102833,718,953,76.09527048,14.9
2/6/2021 9:55,1605,1490,1080,78.10%,75.23609654,717,953,76.09527048,14.9
2/6/2021 9:56,1605,1488,1080,77.71%,75.13116474,716,953,75.54219925,14.88
2/6/2021 9:59,1605,1488,1080,77.71%,75.02623295,715,953,75.54219925,14.88
2/6/2021 10:01,1605,1489,1080,77.90%,74.92130115,714,953,75.81937491,14.89
2/6/2021 10:06,1605,1487,1080,77.52%,74.81636936,713,953,75.26375715,14.87
2/6/2021 10:11,1605,1491,1080,78.29%,74.71143757,712,953,76.36987226,14.91
2/6/2021 10:16,1605,1488,1080,77.71%,74.60650577,711,953,75.54219925,14.88
2/6/2021 10:21,1605,1488,1080,77.71%,74.50157398,710,953,75.54219925,14.88
2/6/2021 10:26,1605,1487,1080,77.52%,74.39664218,709,953,75.26375715,14.87
2/6/2021 10:31,1605,1488,1080,77.71%,74.29171039,708,953,75.54219925,14.88
2/6/2021 10:34,1605,1488,1080,77.71%,74.18677859,707,953,75.54219925,14.88
2/6/2021 10:36,1605,1487,1080,77.52%,74.0818468,706,953,75.26375715,14.87
2/6/2021 10:41,1605,1487,1080,77.52%,73.97691501,705,953,75.26375715,14.87
2/6/2021 10:46,1605,1486,1080,77.33%,73.87198321,704,953,74.98406231,14.86
2/6/2021 10:51,1605,1487,1080,77.52%,73.76705142,703,953,75.26375715,14.87
2/6/2021 10:56,1605,1487,1080,77.52%,73.66211962,702,953,75.26375715,14.87
2/6/2021 11:01,1605,1486,1080,77.33%,73.55718783,701,953,74.98406231,14.86
2/6/2021 11:06,1605,1484,1080,76.95%,73.45225603,700,953,74.42096906,14.84
2/6/2021 11:07,1605,1484,1080,76.95%,73.34732424,699,953,74.42096906,14.84
2/6/2021 11:11,1605,1486,1080,77.33%,73.24239244,698,953,74.98406231,14.86
2/6/2021 11:16,1605,1485,1080,77.14%,73.13746065,697,953,74.70312838,14.85
2/6/2021 11:21,1605,1485,1080,77.14%,73.03252886,696,953,74.70312838,14.85
2/6/2021 11:26,1605,1485,1080,77.14%,72.92759706,695,953,74.70312838,14.85
2/6/2021 11:31,1605,1483,1080,76.76%,72.82266527,694,953,74.13759801,14.83
2/6/2021 11:34,1605,1483,1080,76.76%,72.71773347,693,953,74.13759801,14.83
2/6/2021 11:36,1605,1483,1080,76.76%,72.61280168,692,953,74.13759801,14.83
2/6/2021 11:41,1605,1484,1080,76.95%,72.50786988,691,953,74.42096906,14.84
2/6/2021 11:43,1605,1484,1080,76.95%,72.40293809,690,953,74.42096906,14.84
2/6/2021 11:46,1605,1481,1080,76.38%,72.2980063,689,953,73.56727543,14.81
2/6/2021 11:51,1605,1483,1080,76.76%,72.1930745,688,953,74.13759801,14.83
2/6/2021 11:56,1605,1480,1080,76.19%,72.08814271,687,953,73.28035125,14.8
2/6/2021 12:01,1605,1482,1080,76.57%,71.98321091,686,953,73.85302891,14.82
2/6/2021 12:06,1605,1479,1080,76.00%,71.87827912,685,953,72.99227005,14.79
2/6/2021 12:11,1605,1479,1080,76.00%,71.77334732,684,953,72.99227005,14.79
2/6/2021 12:12,1605,1479,1080,76.00%,71.66841553,683,953,72.99227005,14.79
2/6/2021 12:16,1605,1478,1080,75.81%,71.56348374,682,953,72.7030455,14.78
2/6/2021 12:21,1605,1480,1080,76.19%,71.45855194,681,953,73.28035125,14.8
2/6/2021 12:26,1605,1478,1080,75.81%,71.35362015,680,953,72.7030455,14.78
2/6/2021 12:31,1605,1478,1080,75.81%,71.24868835,679,953,72.7030455,14.78
2/6/2021 12:32,1605,1478,1080,75.81%,71.14375656,678,953,72.7030455,14.78
2/6/2021 12:36,1605,1479,1080,76.00%,71.03882476,677,953,72.99227005,14.79
2/6/2021 12:41,1605,1478,1080,75.81%,70.93389297,676,953,72.7030455,14.78
2/6/2021 12:46,1605,1477,1080,75.62%,70.82896118,675,953,72.41269127,14.77
2/6/2021 12:51,1605,1478,1080,75.81%,70.72402938,674,953,72.7030455,14.78
2/6/2021 12:56,1605,1475,1080,75.24%,70.61909759,673,953,71.82864848,14.75
2/6/2021 13:01,1605,1476,1080,75.43%,70.51416579,672,953,72.12122104,14.76
2/6/2021 13:05,1605,1476,1080,75.43%,70.409234,671,953,72.12122104,14.76
2/6/2021 13:06,1605,1473,1080,74.86%,70.3043022,670,953,71.2402511,14.73
2/6/2021 13:11,1605,1463,1080,72.95%,70.19937041,669,953,68.23677427,14.63
2/6/2021 13:16,1605,1474,1080,75.05%,70.09443861,668,953,71.53498728,14.74
2/6/2021 13:21,1605,1473,1080,74.86%,69.98950682,667,953,71.2402511,14.73
2/6/2021 13:26,1605,1473,1080,74.86%,69.88457503,666,953,71.2402511,14.73
2/6/2021 13:27,1605,1473,1080,74.86%,69.77964323,665,953,71.2402511,14.73
2/6/2021 13:31,1605,1473,1080,74.86%,69.67471144,664,953,71.2402511,14.73
2/6/2021 13:36,1605,1472,1080,74.67%,69.56977964,663,953,70.94445363,14.72
2/6/2021 13:41,1605,1472,1080,74.67%,69.46484785,662,953,70.94445363,14.72
2/6/2021 13:42,1605,1472,1080,74.67%,69.35991605,661,953,70.94445363,14.72
2/6/2021 13:46,1605,1468,1080,73.90%,69.25498426,660,953,69.75092423,14.68
2/6/2021 13:51,1605,1469,1080,74.10%,69.15005247,659,953,70.05083015,14.69
2/6/2021 13:56,1605,1472,1080,74.67%,69.04512067,658,953,70.94445363,14.72
2/6/2021 14:01,1605,1469,1080,74.10%,68.94018888,657,953,70.05083015,14.69
2/6/2021 14:06,1605,1471,1080,74.48%,68.83525708,656,953,70.64760853,14.71
2/6/2021 14:07,1605,1471,1080,74.48%,68.73032529,655,953,70.64760853,14.71
2/6/2021 14:11,1605,1471,1080,74.48%,68.62539349,654,953,70.64760853,14.71
2/6/2021 14:16,1605,1469,1080,74.10%,68.5204617,653,953,70.05083015,14.69
2/6/2021 14:21,1605,1468,1080,73.90%,68.41552991,652,953,69.75092423,14.68
2/6/2021 14:26,1605,1468,1080,73.90%,68.31059811,651,953,69.75092423,14.68
2/6/2021 14:31,1605,1467,1080,73.71%,68.20566632,650,953,69.45002538,14.67
2/6/2021 14:36,1605,1468,1080,73.90%,68.10073452,649,953,69.75092423,14.68
2/6/2021 14:41,1605,1465,1080,73.33%,67.99580273,648,953,68.84530362,14.65
2/6/2021 14:44,1605,1465,1080,73.33%,67.89087093,647,953,68.84530362,14.65
2/6/2021 14:46,1605,1466,1080,73.52%,67.78593914,646,953,69.14814729,14.66
2/6/2021 14:51,1605,1466,1080,73.52%,67.68100735,645,953,69.14814729,14.66
2/6/2021 14:56,1605,1466,1080,73.52%,67.57607555,644,953,69.14814729,14.66
2/6/2021 15:01,1605,1464,1080,73.14%,67.47114376,643,953,68.54150806,14.64
2/6/2021 15:06,1605,1463,1080,72.95%,67.36621196,642,953,68.23677427,14.63
2/6/2021 15:11,1605,1463,1080,72.95%,67.26128017,641,953,68.23677427,14.63
2/6/2021 15:16,1605,1462,1080,72.76%,67.15634837,640,953,67.93111594,14.62
2/6/2021 15:21,1605,1461,1080,72.57%,67.05141658,639,953,67.62454673,14.61
2/6/2021 15:23,1605,1461,1080,72.57%,66.94648478,638,953,67.62454673,14.61
2/6/2021 15:26,1605,1462,1080,72.76%,66.84155299,637,953,67.93111594,14.62
2/6/2021 15:31,1605,1461,1080,72.57%,66.7366212,636,953,67.62454673,14.61
2/6/2021 15:33,1605,1461,1080,72.57%,66.6316894,635,953,67.62454673,14.61
2/6/2021 15:36,1605,1460,1080,72.38%,66.52675761,634,953,67.31708033,14.6
2/6/2021 15:41,1605,1460,1080,72.38%,66.42182581,633,953,67.31708033,14.6
2/6/2021 15:46,1605,1459,1080,72.19%,66.31689402,632,953,67.0087304,14.59
2/6/2021 15:48,1605,1459,1080,72.19%,66.21196222,631,953,67.0087304,14.59
2/6/2021 15:51,1605,1459,1080,72.19%,66.10703043,630,953,67.0087304,14.59
2/6/2021 15:56,1605,1457,1080,71.81%,66.00209864,629,953,66.38943468,14.57
2/6/2021 15:59,1605,1457,1080,71.81%,65.89716684,628,953,66.38943468,14.57
2/6/2021 16:01,1605,1458,1080,72.00%,65.79223505,627,953,66.69951063,14.58
2/6/2021 16:04,1605,1458,1080,72.00%,65.68730325,626,953,66.69951063,14.58
2/6/2021 16:06,1605,1456,1080,71.62%,65.58237146,625,953,66.07851624,14.56
2/6/2021 16:11,1605,1457,1080,71.81%,65.47743966,624,953,66.38943468,14.57
2/6/2021 16:16,1605,1457,1080,71.81%,65.37250787,623,953,66.38943468,14.57
2/6/2021 16:21,1605,1456,1080,71.62%,65.26757608,622,953,66.07851624,14.56
2/6/2021 16:26,1605,1454,1080,71.24%,65.16264428,621,953,65.45420658,14.54
2/6/2021 16:31,1605,1456,1080,71.62%,65.05771249,620,953,66.07851624,14.56
2/6/2021 16:36,1605,1456,1080,71.62%,64.95278069,619,953,66.07851624,14.56
2/6/2021 16:36,1605,1455,1080,71.43%,64.8478489,618,953,65.76676898,14.55
2/6/2021 16:41,1605,1456,1080,71.62%,64.7429171,617,953,66.07851624,14.56
2/6/2021 16:46,1605,1454,1080,71.24%,64.63798531,616,953,65.45420658,14.54
2/6/2021 16:51,1605,1455,1080,71.43%,64.53305352,615,953,65.76676898,14.55
2/6/2021 16:56,1605,1453,1080,71.05%,64.42812172,614,953,65.1408427,14.53
2/6/2021 17:01,1605,1454,1080,71.24%,64.32318993,613,953,65.45420658,14.54
2/6/2021 17:06,1605,1452,1080,70.86%,64.21825813,612,953,64.82669102,14.52
2/6/2021 17:08,1605,1452,1080,70.86%,64.11332634,611,953,64.82669102,14.52
2/6/2021 17:11,1605,1453,1080,71.05%,64.00839454,610,953,65.1408427,14.53
2/6/2021 17:16,1605,1451,1080,70.67%,63.90346275,609,953,64.51176523,14.51
2/6/2021 17:21,1605,1453,1080,71.05%,63.79853095,608,953,65.1408427,14.53
2/6/2021 17:23,1605,1453,1080,71.05%,63.69359916,607,953,65.1408427,14.53
2/6/2021 17:24,1605,1453,1080,71.05%,63.58866737,606,953,65.1408427,14.53
2/6/2021 17:24,1605,1453,1080,71.05%,63.48373557,605,953,65.1408427,14.53
2/6/2021 17:26,1605,1450,1080,70.48%,63.37880378,604,953,64.19607899,14.5
2/6/2021 17:31,1605,1450,1080,70.48%,63.27387198,603,953,64.19607899,14.5
2/6/2021 17:36,1605,1451,1080,70.67%,63.16894019,602,953,64.51176523,14.51
2/6/2021 17:41,1605,1450,1080,70.48%,63.06400839,601,953,64.19607899,14.5
2/6/2021 17:42,1605,1450,1080,70.48%,62.9590766,600,953,64.19607899,14.5
2/6/2021 17:46,1605,1450,1080,70.48%,62.85414481,599,953,64.19607899,14.5
2/6/2021 17:51,1605,1448,1080,70.10%,62.74921301,598,953,63.56247987,14.48
2/6/2021 17:54,1605,1448,1080,70.10%,62.64428122,597,953,63.56247987,14.48
2/6/2021 17:56,1605,1449,1080,70.29%,62.53934942,596,953,63.87964598,14.49
2/6/2021 18:01,1605,1445,1080,69.52%,62.43441763,595,953,62.60671974,14.45
2/6/2021 18:06,1605,1448,1080,70.10%,62.32948583,594,953,63.56247987,14.48
2/6/2021 18:11,1605,1445,1080,69.52%,62.22455404,593,953,62.60671974,14.45
2/6/2021 18:16,1605,1442,1080,68.95%,62.11962225,592,953,61.64485407,14.42
2/6/2021 18:19,1605,1442,1080,68.95%,62.01469045,591,953,61.64485407,14.42
2/6/2021 18:21,1605,1443,1080,69.14%,61.90975866,590,953,61.96613156,14.43
2/6/2021 18:26,1605,1443,1080,69.14%,61.80482686,589,953,61.96613156,14.43
2/6/2021 18:31,1605,1442,1080,68.95%,61.69989507,588,953,61.64485407,14.42
2/6/2021 18:34,1605,1442,1080,68.95%,61.59496327,587,953,61.64485407,14.42
2/6/2021 18:36,1605,1444,1080,69.33%,61.49003148,586,953,62.28675801,14.44
2/6/2021 18:41,1605,1444,1080,69.33%,61.38509969,585,953,62.28675801,14.44
2/6/2021 18:46,1605,1442,1080,68.95%,61.28016789,584,953,61.64485407,14.42
2/6/2021 18:51,1605,1442,1080,68.95%,61.1752361,583,953,61.64485407,14.42
2/6/2021 18:51,1605,1440,1080,68.57%,61.0703043,582,953,61.00040065,14.4
2/6/2021 18:56,1605,1441,1080,68.76%,60.96537251,581,953,61.3229392,14.41
2/6/2021 19:01,1605,1440,1080,68.57%,60.86044071,580,953,61.00040065,14.4
2/6/2021 19:06,1605,1438,1080,68.19%,60.75550892,579,953,60.35350715,14.38
2/6/2021 19:11,1605,1439,1080,68.38%,60.65057712,578,953,60.67725207,14.39
2/6/2021 19:16,1605,1437,1080,68.00%,60.54564533,577,953,60.02917957,14.37
2/6/2021 19:17,1605,1437,1080,68.00%,60.44071354,576,953,60.02917957,14.37
2/6/2021 19:21,1605,1439,1080,68.38%,60.33578174,575,953,60.67725207,14.39
2/6/2021 19:26,1605,1436,1080,67.81%,60.23084995,574,953,59.70428299,14.36
2/6/2021 19:31,1605,1438,1080,68.19%,60.12591815,573,953,60.35350715,14.38
2/6/2021 19:36,1605,1435,1080,67.62%,60.02098636,572,953,59.37883109,14.35
2/6/2021 19:41,1605,1435,1080,67.62%,59.91605456,571,953,59.37883109,14.35
2/6/2021 19:46,1605,1438,1080,68.19%,59.81112277,570,953,60.35350715,14.38
2/6/2021 19:48,1605,1438,1080,68.19%,59.70619098,569,953,60.35350715,14.38
2/6/2021 19:51,1605,1434,1080,67.43%,59.60125918,568,953,59.05283755,14.34
2/6/2021 19:56,1605,1433,1080,67.24%,59.49632739,567,953,58.72631605,14.33
2/6/2021 20:01,1605,1433,1080,67.24%,59.39139559,566,953,58.72631605,14.33
2/6/2021 20:06,1605,1432,1080,67.05%,59.2864638,565,953,58.39928025,14.32
2/6/2021 20:11,1605,1432,1080,67.05%,59.181532,564,953,58.39928025,14.32
2/6/2021 20:15,1605,1432,1080,67.05%,59.07660021,563,953,58.39928025,14.32
2/6/2021 20:16,1605,1432,1080,67.05%,58.97166842,562,953,58.39928025,14.32
2/6/2021 20:21,1605,1428,1080,66.29%,58.86673662,561,953,57.08626764,14.28
2/6/2021 20:26,1605,1429,1080,66.48%,58.76180483,560,953,57.41522385,14.29
2/6/2021 20:31,1605,1427,1080,66.10%,58.65687303,559,953,56.75686551,14.27
2/6/2021 20:36,1605,1427,1080,66.10%,58.55194124,558,953,56.75686551,14.27
2/6/2021 20:41,1605,1426,1080,65.90%,58.44700944,557,953,56.42703114,14.26
2/6/2021 20:46,1605,1426,1080,65.90%,58.34207765,556,953,56.42703114,14.26
2/6/2021 20:51,1605,1424,1080,65.52%,58.23714586,555,953,55.76612038,14.24
2/6/2021 20:56,1605,1425,1080,65.71%,58.13221406,554,953,56.0967782,14.25
2/6/2021 21:01,1605,1424,1080,65.52%,58.02728227,553,953,55.76612038,14.24
2/6/2021 21:03,1605,1424,1080,65.52%,57.92235047,552,953,55.76612038,14.24
2/6/2021 21:06,1605,1423,1080,65.33%,57.81741868,551,953,55.43507134,14.23
2/6/2021 21:11,1605,1424,1080,65.52%,57.71248688,550,953,55.76612038,14.24
2/6/2021 21:16,1605,1424,1080,65.52%,57.60755509,549,953,55.76612038,14.24
2/6/2021 21:21,1605,1423,1080,65.33%,57.50262329,548,953,55.43507134,14.23
2/6/2021 21:26,1605,1424,1080,65.52%,57.3976915,547,953,55.76612038,14.24
2/6/2021 21:31,1605,1423,1080,65.33%,57.29275971,546,953,55.43507134,14.23
2/6/2021 21:34,1605,1423,1080,65.33%,57.18782791,545,953,55.43507134,14.23
2/6/2021 21:36,1605,1422,1080,65.14%,57.08289612,544,953,55.10364475,14.22
2/6/2021 21:41,1605,1422,1080,65.14%,56.97796432,543,953,55.10364475,14.22
2/6/2021 21:46,1605,1420,1080,64.76%,56.87303253,542,953,54.43971367,14.2
2/6/2021 21:51,1605,1422,1080,65.14%,56.76810073,541,953,55.10364475,14.22
2/6/2021 21:56,1605,1421,1080,64.95%,56.66316894,540,953,54.77185431,14.21
2/6/2021 22:00,1605,1421,1080,64.95%,56.55823715,539,953,54.77185431,14.21
2/6/2021 22:01,1605,1419,1080,64.57%,56.45330535,538,953,54.10723652,14.19
2/6/2021 22:05,1605,1419,1080,64.57%,56.34837356,537,953,54.10723652,14.19
2/6/2021 22:06,1605,1418,1080,64.38%,56.24344176,536,953,53.77443653,14.18
2/6/2021 22:11,1605,1416,1080,64.00%,56.13850997,535,953,53.10792273,14.16
2/6/2021 22:15,1605,1416,1080,64.00%,56.03357817,534,953,53.10792273,14.16
2/6/2021 22:16,1605,1417,1080,64.19%,55.92864638,533,953,53.44132737,14.17
2/6/2021 22:21,1605,1417,1080,64.19%,55.82371459,532,953,53.44132737,14.17
2/6/2021 22:26,1605,1413,1080,63.43%,55.71878279,531,953,52.10607261,14.13
2/6/2021 22:31,1605,1415,1080,63.81%,55.613851,530,953,52.77423627,14.15
2/6/2021 22:36,1605,1413,1080,63.43%,55.5089192,529,953,52.10607261,14.13
2/6/2021 22:41,1605,1412,1080,63.24%,55.40398741,528,953,51.77162276,14.12
2/6/2021 22:46,1605,1414,1080,63.62%,55.29905561,527,953,52.44028167,14.14
2/6/2021 22:51,1605,1410,1080,62.86%,55.19412382,526,953,51.1020554,14.1
2/6/2021 22:56,1605,1412,1080,63.24%,55.08919203,525,953,51.77162276,14.12
2/6/2021 23:01,1605,1411,1080,63.05%,54.98426023,524,953,51.4369458,14.11
2/6/2021 23:06,1605,1410,1080,62.86%,54.87932844,523,953,51.1020554,14.1
2/6/2021 23:11,1605,1409,1080,62.67%,54.77439664,522,953,50.76696524,14.09
2/6/2021 23:16,1605,1409,1080,62.67%,54.66946485,521,953,50.76696524,14.09
2/6/2021 23:21,1605,1406,1080,62.10%,54.56453305,520,953,49.76063293,14.06
2/6/2021 23:26,1605,1408,1080,62.48%,54.45960126,519,953,50.43168899,14.08
2/6/2021 23:31,1605,1407,1080,62.29%,54.35466946,518,953,50.09624032,14.07
2/6/2021 23:36,1605,1406,1080,62.10%,54.24973767,517,953,49.76063293,14.06
2/6/2021 23:41,1605,1407,1080,62.29%,54.14480588,516,953,50.09624032,14.07
2/6/2021 23:46,1605,1406,1080,62.10%,54.03987408,515,953,49.76063293,14.06
2/6/2021 23:51,1605,1405,1080,61.90%,53.93494229,514,953,49.42488046,14.05
2/6/2021 23:56,1605,1406,1080,62.10%,53.83001049,513,953,49.76063293,14.06
2/7/2021 0:01,1605,1403,1080,61.52%,53.7250787,512,953,48.75299505,14.03
2/7/2021 0:06,1605,1403,1080,61.52%,53.6201469,511,953,48.75299505,14.03
2/7/2021 0:11,1605,1403,1080,61.52%,53.51521511,510,953,48.75299505,14.03
2/7/2021 0:16,1605,1401,1080,61.14%,53.41028332,509,953,48.0806935,14.01
2/7/2021 0:21,1605,1403,1080,61.52%,53.30535152,508,953,48.75299505,14.03
2/7/2021 0:26,1605,1402,1080,61.33%,53.20041973,507,953,48.41688946,14.02
2/7/2021 0:31,1605,1401,1080,61.14%,53.09548793,506,953,48.0806935,14.01
2/7/2021 0:36,1605,1401,1080,61.14%,52.99055614,505,953,48.0806935,14.01
2/7/2021 0:41,1605,1400,1080,60.95%,52.88562434,504,953,47.74442086,14
2/7/2021 0:46,1605,1399,1080,60.76%,52.78069255,503,953,47.4080852,13.99
2/7/2021 0:51,1605,1399,1080,60.76%,52.67576076,502,953,47.4080852,13.99
2/7/2021 0:56,1605,1399,1080,60.76%,52.57082896,501,953,47.4080852,13.99
2/7/2021 1:01,1605,1397,1080,60.38%,52.46589717,500,953,46.73527956,13.97
2/7/2021 1:06,1605,1397,1080,60.38%,52.36096537,499,953,46.73527956,13.97
2/7/2021 1:11,1605,1397,1080,60.38%,52.25603358,498,953,46.73527956,13.97
2/7/2021 1:16,1605,1397,1080,60.38%,52.15110178,497,953,46.73527956,13.97
2/7/2021 1:21,1605,1395,1080,60.00%,52.04616999,496,953,46.06238597,13.95
2/7/2021 1:26,1605,1395,1080,60.00%,51.9412382,495,953,46.06238597,13.95
2/7/2021 1:31,1605,1394,1080,59.81%,51.8363064,494,953,45.72594039,13.94
2/7/2021 1:36,1605,1394,1080,59.81%,51.73137461,493,953,45.72594039,13.94
2/7/2021 1:41,1605,1394,1080,59.81%,51.62644281,492,953,45.72594039,13.94
2/7/2021 1:46,1605,1394,1080,59.81%,51.52151102,491,953,45.72594039,13.94
2/7/2021 1:51,1605,1392,1080,59.43%,51.41657922,490,953,45.05312002,13.92
2/7/2021 1:56,1605,1393,1080,59.62%,51.31164743,489,953,45.38951385,13.93
2/7/2021 2:01,1605,1393,1080,59.62%,51.20671563,488,953,45.38951385,13.93
2/7/2021 2:06,1605,1393,1080,59.62%,51.10178384,487,953,45.38951385,13.93
2/7/2021 2:06,1605,1392,1080,59.43%,50.99685205,486,953,45.05312002,13.92
2/7/2021 2:11,1605,1393,1080,59.62%,50.89192025,485,953,45.38951385,13.93
2/7/2021 2:16,1605,1392,1080,59.43%,50.78698846,484,953,45.05312002,13.92
2/7/2021 2:21,1605,1392,1080,59.43%,50.68205666,483,953,45.05312002,13.92
2/7/2021 2:26,1605,1390,1080,59.05%,50.57712487,482,953,44.38048522,13.9
2/7/2021 2:31,1605,1391,1080,59.24%,50.47219307,481,953,44.71677259,13.91
2/7/2021 2:36,1605,1390,1080,59.05%,50.36726128,480,953,44.38048522,13.9
2/7/2021 2:41,1605,1391,1080,59.24%,50.26232949,479,953,44.71677259,13.91
2/7/2021 2:46,1605,1392,1080,59.43%,50.15739769,478,953,45.05312002,13.92
2/7/2021 2:51,1605,1391,1080,59.24%,50.0524659,477,953,44.71677259,13.91
2/7/2021 2:56,1605,1386,1080,58.29%,49.9475341,476,953,43.0362099,13.86
2/7/2021 3:01,1605,1391,1080,59.24%,49.84260231,475,953,44.71677259,13.91
2/7/2021 3:06,1605,1392,1080,59.43%,49.73767051,474,953,45.05312002,13.92
2/7/2021 3:11,1605,1390,1080,59.05%,49.63273872,473,953,44.38048522,13.9
2/7/2021 3:16,1605,1389,1080,58.86%,49.52780693,472,953,44.04427159,13.89
2/7/2021 3:21,1605,1391,1080,59.24%,49.42287513,471,953,44.71677259,13.91
2/7/2021 3:26,1605,1390,1080,59.05%,49.31794334,470,953,44.38048522,13.9
2/7/2021 3:31,1605,1389,1080,58.86%,49.21301154,469,953,44.04427159,13.89
2/7/2021 3:36,1605,1390,1080,59.05%,49.10807975,468,953,44.38048522,13.9
2/7/2021 3:41,1605,1388,1080,58.67%,49.00314795,467,953,43.70814537,13.88
2/7/2021 3:46,1605,1388,1080,58.67%,48.89821616,466,953,43.70814537,13.88
2/7/2021 3:51,1605,1388,1080,58.67%,48.79328437,465,953,43.70814537,13.88
2/7/2021 3:56,1605,1388,1080,58.67%,48.68835257,464,953,43.70814537,13.88
2/7/2021 3:57,1605,1388,1080,58.67%,48.58342078,463,953,43.70814537,13.88
2/7/2021 4:01,1605,1388,1080,58.67%,48.47848898,462,953,43.70814537,13.88
2/7/2021 4:06,1605,1388,1080,58.67%,48.37355719,461,953,43.70814537,13.88
2/7/2021 4:10,1605,1388,1080,58.67%,48.26862539,460,953,43.70814537,13.88
2/7/2021 4:11,1605,1387,1080,58.48%,48.1636936,459,953,43.37212025,13.87
2/7/2021 4:16,1605,1386,1080,58.29%,48.0587618,458,953,43.0362099,13.86
2/7/2021 4:21,1605,1385,1080,58.10%,47.95383001,457,953,42.70042798,13.85
2/7/2021 4:26,1605,1385,1080,58.10%,47.84889822,456,953,42.70042798,13.85
2/7/2021 4:26,1605,1385,1080,58.10%,47.74396642,455,953,42.70042798,13.85
2/7/2021 4:31,1605,1384,1080,57.90%,47.63903463,454,953,42.36478818,13.84
2/7/2021 4:36,1605,1386,1080,58.29%,47.53410283,453,953,43.0362099,13.86
2/7/2021 4:41,1605,1383,1080,57.71%,47.42917104,452,953,42.02930418,13.83
2/7/2021 4:46,1605,1385,1080,58.10%,47.32423924,451,953,42.70042798,13.85
2/7/2021 4:51,1605,1383,1080,57.71%,47.21930745,450,953,42.02930418,13.83
2/7/2021 4:56,1605,1384,1080,57.90%,47.11437566,449,953,42.36478818,13.84
2/7/2021 5:01,1605,1384,1080,57.90%,47.00944386,448,953,42.36478818,13.84
2/7/2021 5:06,1605,1385,1080,58.10%,46.90451207,447,953,42.70042798,13.85
2/7/2021 5:11,1605,1382,1080,57.52%,46.79958027,446,953,41.69398964,13.82
2/7/2021 5:16,1605,1384,1080,57.90%,46.69464848,445,953,42.36478818,13.84
2/7/2021 5:21,1605,1381,1080,57.33%,46.58971668,444,953,41.35885824,13.81
2/7/2021 5:26,1605,1382,1080,57.52%,46.48478489,443,953,41.69398964,13.82
2/7/2021 5:31,1605,1382,1080,57.52%,46.3798531,442,953,41.69398964,13.82
2/7/2021 5:36,1605,1381,1080,57.33%,46.2749213,441,953,41.35885824,13.81
2/7/2021 5:40,1605,1381,1080,57.33%,46.16998951,440,953,41.35885824,13.81
2/7/2021 5:41,1605,1381,1080,57.33%,46.06505771,439,953,41.35885824,13.81
2/7/2021 5:46,1605,1382,1080,57.52%,45.96012592,438,953,41.69398964,13.82
2/7/2021 5:51,1605,1382,1080,57.52%,45.85519412,437,953,41.69398964,13.82
2/7/2021 5:52,1605,1382,1080,57.52%,45.75026233,436,953,41.69398964,13.82
2/7/2021 5:56,1605,1379,1080,56.95%,45.64533054,435,953,40.68919958,13.79
2/7/2021 6:01,1605,1378,1080,56.76%,45.54039874,434,953,40.35469966,13.78
2/7/2021 6:04,1605,1378,1080,56.76%,45.43546695,433,953,40.35469966,13.78
2/7/2021 6:06,1605,1379,1080,56.95%,45.33053515,432,953,40.68919958,13.79
2/7/2021 6:11,1605,1382,1080,57.52%,45.22560336,431,953,41.69398964,13.82
2/7/2021 6:16,1605,1380,1080,57.14%,45.12067156,430,953,41.02392367,13.8
2/7/2021 6:21,1605,1377,1080,56.57%,45.01573977,429,953,40.02043759,13.77
2/7/2021 6:26,1605,1378,1080,56.76%,44.91080797,428,953,40.35469966,13.78
2/7/2021 6:31,1605,1380,1080,57.14%,44.80587618,427,953,41.02392367,13.8
2/7/2021 6:36,1605,1378,1080,56.76%,44.70094439,426,953,40.35469966,13.78
2/7/2021 6:41,1605,1380,1080,57.14%,44.59601259,425,953,41.02392367,13.8
2/7/2021 6:46,1605,1377,1080,56.57%,44.4910808,424,953,40.02043759,13.77
2/7/2021 6:51,1605,1378,1080,56.76%,44.386149,423,953,40.35469966,13.78
2/7/2021 6:56,1605,1376,1080,56.38%,44.28121721,422,953,39.68642703,13.76
2/7/2021 7:00,1605,1376,1080,56.38%,44.17628541,421,953,39.68642703,13.76
2/7/2021 7:01,1605,1376,1080,56.38%,44.07135362,420,953,39.68642703,13.76
2/7/2021 7:06,1605,1375,1080,56.19%,43.96642183,419,953,39.35268167,13.75
2/7/2021 7:11,1605,1376,1080,56.38%,43.86149003,418,953,39.68642703,13.76
2/7/2021 7:14,1605,1376,1080,56.38%,43.75655824,417,953,39.68642703,13.76
2/7/2021 7:16,1605,1375,1080,56.19%,43.65162644,416,953,39.35268167,13.75
2/7/2021 7:21,1605,1376,1080,56.38%,43.54669465,415,953,39.68642703,13.76
2/7/2021 7:26,1605,1376,1080,56.38%,43.44176285,414,953,39.68642703,13.76
2/7/2021 7:27,1605,1376,1080,56.38%,43.33683106,413,953,39.68642703,13.76
2/7/2021 7:31,1605,1376,1080,56.38%,43.23189927,412,953,39.68642703,13.76
2/7/2021 7:36,1605,1376,1080,56.38%,43.12696747,411,953,39.68642703,13.76
2/7/2021 7:41,1605,1376,1080,56.38%,43.02203568,410,953,39.68642703,13.76
2/7/2021 7:46,1605,1375,1080,56.19%,42.91710388,409,953,39.35268167,13.75
2/7/2021 7:47,1605,1375,1080,56.19%,42.81217209,408,953,39.35268167,13.75
2/7/2021 7:51,1605,1375,1080,56.19%,42.70724029,407,953,39.35268167,13.75
2/7/2021 7:53,1605,1375,1080,56.19%,42.6023085,406,953,39.35268167,13.75
2/7/2021 7:56,1605,1375,1080,56.19%,42.49737671,405,953,39.35268167,13.75
2/7/2021 8:01,1605,1373,1080,55.81%,42.39244491,404,953,38.68604122,13.73
2/7/2021 8:04,1605,1373,1080,55.81%,42.28751312,403,953,38.68604122,13.73
2/7/2021 8:06,1605,1374,1080,56.00%,42.18258132,402,953,39.01921517,13.74
2/7/2021 8:11,1605,1374,1080,56.00%,42.07764953,401,953,39.01921517,13.74
2/7/2021 8:16,1605,1374,1080,56.00%,41.97271773,400,953,39.01921517,13.74
2/7/2021 8:16,1605,1375,1080,56.19%,41.86778594,399,953,39.35268167,13.75
2/7/2021 8:21,1605,1374,1080,56.00%,41.76285414,398,953,39.01921517,13.74
2/7/2021 8:26,1605,1372,1080,55.62%,41.65792235,397,953,38.35317349,13.72
2/7/2021 8:31,1605,1374,1080,56.00%,41.55299056,396,953,39.01921517,13.74
2/7/2021 8:36,1605,1371,1080,55.43%,41.44805876,395,953,38.02062565,13.71
2/7/2021 8:38,1605,1371,1080,55.43%,41.34312697,394,953,38.02062565,13.71
2/7/2021 8:41,1605,1372,1080,55.62%,41.23819517,393,953,38.35317349,13.72
2/7/2021 8:46,1605,1373,1080,55.81%,41.13326338,392,953,38.68604122,13.73
2/7/2021 8:48,1605,1373,1080,55.81%,41.02833158,391,953,38.68604122,13.73
2/7/2021 8:51,1605,1373,1080,55.81%,40.92339979,390,953,38.68604122,13.73
2/7/2021 8:56,1605,1374,1080,56.00%,40.818468,389,953,39.01921517,13.74
2/7/2021 9:01,1605,1371,1080,55.43%,40.7135362,388,953,38.02062565,13.71
2/7/2021 9:03,1605,1371,1080,55.43%,40.60860441,387,953,38.02062565,13.71
2/7/2021 9:06,1605,1372,1080,55.62%,40.50367261,386,953,38.35317349,13.72
2/7/2021 9:11,1605,1371,1080,55.43%,40.39874082,385,953,38.02062565,13.71
2/7/2021 9:12,1605,1371,1080,55.43%,40.29380902,384,953,38.02062565,13.71
2/7/2021 9:16,1605,1373,1080,55.81%,40.18887723,383,953,38.68604122,13.73
2/7/2021 9:21,1605,1370,1080,55.24%,40.08394544,382,953,37.68841139,13.7
2/7/2021 9:22,1605,1370,1080,55.24%,39.97901364,381,953,37.68841139,13.7
2/7/2021 9:26,1605,1372,1080,55.62%,39.87408185,380,953,38.35317349,13.72
2/7/2021 9:31,1605,1369,1080,55.05%,39.76915005,379,953,37.35654436,13.69
2/7/2021 9:36,1605,1372,1080,55.62%,39.66421826,378,953,38.35317349,13.72
2/7/2021 9:41,1605,1368,1080,54.86%,39.55928646,377,953,37.02503826,13.68
2/7/2021 9:46,1605,1370,1080,55.24%,39.45435467,376,953,37.68841139,13.7
2/7/2021 9:51,1605,1369,1080,55.05%,39.34942288,375,953,37.35654436,13.69
2/7/2021 9:55,1605,1369,1080,55.05%,39.24449108,374,953,37.35654436,13.69
2/7/2021 9:56,1605,1368,1080,54.86%,39.13955929,373,953,37.02503826,13.68
2/7/2021 10:01,1605,1367,1080,54.67%,39.03462749,372,953,36.69390675,13.67
2/7/2021 10:06,1605,1366,1080,54.48%,38.9296957,371,953,36.36316351,13.66
2/7/2021 10:11,1605,1368,1080,54.86%,38.8247639,370,953,37.02503826,13.68
2/7/2021 10:16,1605,1369,1080,55.05%,38.71983211,369,953,37.35654436,13.69
2/7/2021 10:21,1605,1369,1080,55.05%,38.61490031,368,953,37.35654436,13.69
2/7/2021 10:23,1605,1369,1080,55.05%,38.50996852,367,953,37.35654436,13.69
2/7/2021 10:26,1605,1368,1080,54.86%,38.40503673,366,953,37.02503826,13.68
2/7/2021 10:31,1605,1369,1080,55.05%,38.30010493,365,953,37.35654436,13.69
2/7/2021 10:34,1605,1369,1080,55.05%,38.19517314,364,953,37.35654436,13.69
2/7/2021 10:36,1605,1366,1080,54.48%,38.09024134,363,953,36.36316351,13.66
2/7/2021 10:41,1605,1368,1080,54.86%,37.98530955,362,953,37.02503826,13.68
2/7/2021 10:43,1605,1368,1080,54.86%,37.88037775,361,953,37.02503826,13.68
2/7/2021 10:46,1605,1365,1080,54.29%,37.77544596,360,953,36.03282222,13.65
2/7/2021 10:51,1605,1364,1080,54.10%,37.67051417,359,953,35.70289654,13.64
2/7/2021 10:56,1605,1366,1080,54.48%,37.56558237,358,953,36.36316351,13.66
2/7/2021 11:01,1605,1367,1080,54.67%,37.46065058,357,953,36.69390675,13.67
2/7/2021 11:06,1605,1367,1080,54.67%,37.35571878,356,953,36.69390675,13.67
2/7/2021 11:07,1605,1367,1080,54.67%,37.25078699,355,953,36.69390675,13.67
2/7/2021 11:11,1605,1366,1080,54.48%,37.14585519,354,953,36.36316351,13.66
2/7/2021 11:16,1605,1366,1080,54.48%,37.0409234,353,953,36.36316351,13.66
2/7/2021 11:21,1605,1365,1080,54.29%,36.93599161,352,953,36.03282222,13.65
2/7/2021 11:23,1605,1365,1080,54.29%,36.83105981,351,953,36.03282222,13.65
2/7/2021 11:26,1605,1365,1080,54.29%,36.72612802,350,953,36.03282222,13.65
2/7/2021 11:31,1605,1364,1080,54.10%,36.62119622,349,953,35.70289654,13.64
2/7/2021 11:36,1605,1365,1080,54.29%,36.51626443,348,953,36.03282222,13.65
2/7/2021 11:41,1605,1363,1080,53.90%,36.41133263,347,953,35.37340017,13.63
2/7/2021 11:43,1605,1363,1080,53.90%,36.30640084,346,953,35.37340017,13.63
2/7/2021 11:46,1605,1364,1080,54.10%,36.20146905,345,953,35.70289654,13.64
2/7/2021 11:51,1605,1364,1080,54.10%,36.09653725,344,953,35.70289654,13.64
2/7/2021 11:56,1605,1363,1080,53.90%,35.99160546,343,953,35.37340017,13.63
2/7/2021 12:01,1605,1362,1080,53.71%,35.88667366,342,953,35.04434676,13.62
2/7/2021 12:06,1605,1362,1080,53.71%,35.78174187,341,953,35.04434676,13.62
2/7/2021 12:11,1605,1361,1080,53.52%,35.67681007,340,953,34.71575,13.61
2/7/2021 12:12,1605,1361,1080,53.52%,35.57187828,339,953,34.71575,13.61
2/7/2021 12:16,1605,1362,1080,53.71%,35.46694648,338,953,35.04434676,13.62
2/7/2021 12:21,1605,1362,1080,53.71%,35.36201469,337,953,35.04434676,13.62
2/7/2021 12:23,1605,1362,1080,53.71%,35.2570829,336,953,35.04434676,13.62
2/7/2021 12:26,1605,1362,1080,53.71%,35.1521511,335,953,35.04434676,13.62
2/7/2021 12:31,1605,1362,1080,53.71%,35.04721931,334,953,35.04434676,13.62
2/7/2021 12:36,1605,1361,1080,53.52%,34.94228751,333,953,34.71575,13.61
2/7/2021 12:41,1605,1362,1080,53.71%,34.83735572,332,953,35.04434676,13.62
2/7/2021 12:46,1605,1362,1080,53.71%,34.73242392,331,953,35.04434676,13.62
2/7/2021 12:46,1605,1363,1080,53.90%,34.62749213,330,953,35.37340017,13.63
2/7/2021 12:51,1605,1360,1080,53.33%,34.52256034,329,953,34.38762356,13.6
2/7/2021 12:56,1605,1361,1080,53.52%,34.41762854,328,953,34.71575,13.61
2/7/2021 13:01,1605,1360,1080,53.33%,34.31269675,327,953,34.38762356,13.6
2/7/2021 13:05,1605,1360,1080,53.33%,34.20776495,326,953,34.38762356,13.6
2/7/2021 13:06,1605,1360,1080,53.33%,34.10283316,325,953,34.38762356,13.6
2/7/2021 13:11,1605,1360,1080,53.33%,33.99790136,324,953,34.38762356,13.6
2/7/2021 13:16,1605,1361,1080,53.52%,33.89296957,323,953,34.71575,13.61
2/7/2021 13:21,1605,1362,1080,53.71%,33.78803778,322,953,35.04434676,13.62
2/7/2021 13:26,1605,1359,1080,53.14%,33.68310598,321,953,34.05998111,13.59
2/7/2021 13:31,1605,1360,1080,53.33%,33.57817419,320,953,34.38762356,13.6
2/7/2021 13:36,1605,1360,1080,53.33%,33.47324239,319,953,34.38762356,13.6
2/7/2021 13:41,1605,1359,1080,53.14%,33.3683106,318,953,34.05998111,13.59
2/7/2021 13:42,1605,1359,1080,53.14%,33.2633788,317,953,34.05998111,13.59
2/7/2021 13:46,1605,1360,1080,53.33%,33.15844701,316,953,34.38762356,13.6
2/7/2021 13:51,1605,1358,1080,52.95%,33.05351522,315,953,33.73283634,13.58
2/7/2021 13:56,1605,1359,1080,53.14%,32.94858342,314,953,34.05998111,13.59
2/7/2021 14:01,1605,1357,1080,52.76%,32.84365163,313,953,33.40620292,13.57
2/7/2021 14:06,1605,1359,1080,53.14%,32.73871983,312,953,34.05998111,13.59
2/7/2021 14:11,1605,1359,1080,53.14%,32.63378804,311,953,34.05998111,13.59
2/7/2021 14:11,1605,1358,1080,52.95%,32.52885624,310,953,33.73283634,13.58
2/7/2021 14:16,1605,1359,1080,53.14%,32.42392445,309,953,34.05998111,13.59
2/7/2021 14:21,1605,1359,1080,53.14%,32.31899265,308,953,34.05998111,13.59
2/7/2021 14:26,1605,1359,1080,53.14%,32.21406086,307,953,34.05998111,13.59
2/7/2021 14:31,1605,1359,1080,53.14%,32.10912907,306,953,34.05998111,13.59
2/7/2021 14:32,1605,1359,1080,53.14%,32.00419727,305,953,34.05998111,13.59
2/7/2021 14:36,1605,1358,1080,52.95%,31.89926548,304,953,33.73283634,13.58
2/7/2021 14:41,1605,1358,1080,52.95%,31.79433368,303,953,33.73283634,13.58
2/7/2021 14:44,1605,1358,1080,52.95%,31.68940189,302,953,33.73283634,13.58
2/7/2021 14:46,1605,1357,1080,52.76%,31.58447009,301,953,33.40620292,13.57
2/7/2021 14:51,1605,1359,1080,53.14%,31.4795383,300,953,34.05998111,13.59
2/7/2021 14:56,1605,1357,1080,52.76%,31.37460651,299,953,33.40620292,13.57
2/7/2021 15:01,1605,1358,1080,52.95%,31.26967471,298,953,33.73283634,13.58
2/7/2021 15:02,1605,1358,1080,52.95%,31.16474292,297,953,33.73283634,13.58
2/7/2021 15:06,1605,1356,1080,52.57%,31.05981112,296,953,33.08009452,13.56
2/7/2021 15:11,1605,1357,1080,52.76%,30.95487933,295,953,33.40620292,13.57
2/7/2021 15:12,1605,1357,1080,52.76%,30.84994753,294,953,33.40620292,13.57
2/7/2021 15:16,1605,1355,1080,52.38%,30.74501574,293,953,32.75452481,13.55
2/7/2021 15:21,1605,1357,1080,52.76%,30.64008395,292,953,33.40620292,13.57
2/7/2021 15:23,1605,1357,1080,52.76%,30.53515215,291,953,33.40620292,13.57
2/7/2021 15:26,1605,1355,1080,52.38%,30.43022036,290,953,32.75452481,13.55
2/7/2021 15:31,1605,1357,1080,52.76%,30.32528856,289,953,33.40620292,13.57
2/7/2021 15:36,1605,1355,1080,52.38%,30.22035677,288,953,32.75452481,13.55
2/7/2021 15:41,1605,1353,1080,52.00%,30.11542497,287,953,32.10505619,13.53
2/7/2021 15:46,1605,1356,1080,52.57%,30.01049318,286,953,33.08009452,13.56
2/7/2021 15:51,1605,1355,1080,52.38%,29.90556139,285,953,32.75452481,13.55
2/7/2021 15:56,1605,1355,1080,52.38%,29.80062959,284,953,32.75452481,13.55
2/7/2021 15:59,1605,1355,1080,52.38%,29.6956978,283,953,32.75452481,13.55
2/7/2021 16:01,1605,1353,1080,52.00%,29.590766,282,953,32.10505619,13.53
2/7/2021 16:04,1605,1353,1080,52.00%,29.48583421,281,953,32.10505619,13.53
2/7/2021 16:06,1605,1354,1080,52.19%,29.38090241,280,953,32.42950748,13.54
2/7/2021 16:11,1605,1353,1080,52.00%,29.27597062,279,953,32.10505619,13.53
2/7/2021 16:16,1605,1352,1080,51.81%,29.17103882,278,953,31.78118463,13.52
2/7/2021 16:21,1605,1353,1080,52.00%,29.06610703,277,953,32.10505619,13.53
2/7/2021 16:26,1605,1352,1080,51.81%,28.96117524,276,953,31.78118463,13.52
2/7/2021 16:31,1605,1352,1080,51.81%,28.85624344,275,953,31.78118463,13.52
2/7/2021 16:36,1605,1352,1080,51.81%,28.75131165,274,953,31.78118463,13.52
2/7/2021 16:36,1605,1349,1080,51.24%,28.64637985,273,953,30.81318502,13.49
2/7/2021 16:41,1605,1351,1080,51.62%,28.54144806,272,953,31.45790646,13.51
2/7/2021 16:46,1605,1350,1080,51.43%,28.43651626,271,953,31.13523537,13.5
2/7/2021 16:51,1605,1351,1080,51.62%,28.33158447,270,953,31.45790646,13.51
2/7/2021 16:56,1605,1351,1080,51.62%,28.22665268,269,953,31.45790646,13.51
2/7/2021 17:01,1605,1347,1080,50.86%,28.12172088,268,953,30.17100128,13.47
2/7/2021 17:06,1605,1349,1080,51.24%,28.01678909,267,953,30.81318502,13.49
2/7/2021 17:08,1605,1349,1080,51.24%,27.91185729,266,953,30.81318502,13.49
2/7/2021 17:11,1605,1344,1080,50.29%,27.8069255,265,953,29.21272315,13.44
2/7/2021 17:16,1605,1349,1080,51.24%,27.7019937,264,953,30.81318502,13.49
2/7/2021 17:21,1605,1347,1080,50.86%,27.59706191,263,953,30.17100128,13.47
2/7/2021 17:24,1605,1347,1080,50.86%,27.49213012,262,953,30.17100128,13.47
2/7/2021 17:26,1605,1349,1080,51.24%,27.38719832,261,953,30.81318502,13.49
2/7/2021 17:31,1605,1347,1080,50.86%,27.28226653,260,953,30.17100128,13.47
2/7/2021 17:36,1605,1348,1080,51.05%,27.17733473,259,953,30.4917691,13.48
2/7/2021 17:41,1605,1346,1080,50.67%,27.07240294,258,953,29.85089523,13.46
2/7/2021 17:46,1605,1347,1080,50.86%,26.96747114,257,953,30.17100128,13.47
2/7/2021 17:51,1605,1348,1080,51.05%,26.86253935,256,953,30.4917691,13.48
2/7/2021 17:54,1605,1348,1080,51.05%,26.75760756,255,953,30.4917691,13.48
2/7/2021 17:56,1605,1347,1080,50.86%,26.65267576,254,953,30.17100128,13.47
2/7/2021 18:01,1605,1345,1080,50.48%,26.54774397,253,953,29.53146463,13.45
2/7/2021 18:02,1605,1345,1080,50.48%,26.44281217,252,953,29.53146463,13.45
2/7/2021 18:06,1605,1346,1080,50.67%,26.33788038,251,953,29.85089523,13.46
2/7/2021 18:11,1605,1344,1080,50.29%,26.23294858,250,953,29.21272315,13.44
2/7/2021 18:15,1605,1344,1080,50.29%,26.12801679,249,953,29.21272315,13.44
2/7/2021 18:16,1605,1345,1080,50.48%,26.02308499,248,953,29.53146463,13.45
2/7/2021 18:19,1605,1345,1080,50.48%,25.9181532,247,953,29.53146463,13.45
2/7/2021 18:21,1605,1346,1080,50.67%,25.81322141,246,953,29.85089523,13.46
2/7/2021 18:26,1605,1343,1080,50.10%,25.70828961,245,953,28.89468448,13.43
2/7/2021 18:31,1605,1345,1080,50.48%,25.60335782,244,953,29.53146463,13.45
2/7/2021 18:36,1605,1343,1080,50.10%,25.49842602,243,953,28.89468448,13.43
2/7/2021 18:41,1605,1345,1080,50.48%,25.39349423,242,953,29.53146463,13.45
2/7/2021 18:46,1605,1344,1080,50.29%,25.28856243,241,953,29.21272315,13.44
2/7/2021 18:51,1605,1344,1080,50.29%,25.18363064,240,953,29.21272315,13.44
2/7/2021 18:51,1605,1344,1080,50.29%,25.07869885,239,953,29.21272315,13.44
2/7/2021 18:56,1605,1343,1080,50.10%,24.97376705,238,953,28.89468448,13.43
2/7/2021 19:01,1605,1344,1080,50.29%,24.86883526,237,953,29.21272315,13.44
2/7/2021 19:06,1605,1343,1080,50.10%,24.76390346,236,953,28.89468448,13.43
2/7/2021 19:11,1605,1343,1080,50.10%,24.65897167,235,953,28.89468448,13.43
2/7/2021 19:16,1605,1341,1080,49.71%,24.55403987,234,953,28.26077022,13.41
2/7/2021 19:17,1605,1341,1080,49.71%,24.44910808,233,953,28.26077022,13.41
2/7/2021 19:21,1605,1341,1080,49.71%,24.34417629,232,953,28.26077022,13.41
2/7/2021 19:26,1605,1341,1080,49.71%,24.23924449,231,953,28.26077022,13.41
2/7/2021 19:31,1605,1342,1080,49.90%,24.1343127,230,953,28.57736227,13.42
2/7/2021 19:36,1605,1340,1080,49.52%,24.0293809,229,953,27.94492199,13.4
2/7/2021 19:41,1605,1342,1080,49.90%,23.92444911,228,953,28.57736227,13.42
2/7/2021 19:46,1605,1340,1080,49.52%,23.81951731,227,953,27.94492199,13.4
2/7/2021 19:48,1605,1340,1080,49.52%,23.71458552,226,953,27.94492199,13.4
2/7/2021 19:51,1605,1341,1080,49.71%,23.60965373,225,953,28.26077022,13.41
2/7/2021 19:53,1605,1341,1080,49.71%,23.50472193,224,953,28.26077022,13.41
2/7/2021 19:56,1605,1339,1080,49.33%,23.39979014,223,953,27.62983126,13.39
2/7/2021 20:01,1605,1340,1080,49.52%,23.29485834,222,953,27.94492199,13.4
2/7/2021 20:06,1605,1338,1080,49.14%,23.18992655,221,953,27.31551171,13.38
2/7/2021 20:08,1605,1338,1080,49.14%,23.08499475,220,953,27.31551171,13.38
2/7/2021 20:11,1605,1340,1080,49.52%,22.98006296,219,953,27.94492199,13.4
2/7/2021 20:15,1605,1340,1080,49.52%,22.87513116,218,953,27.94492199,13.4
2/7/2021 20:16,1605,1338,1080,49.14%,22.77019937,217,953,27.31551171,13.38
2/7/2021 20:21,1605,1341,1080,49.71%,22.66526758,216,953,28.26077022,13.41
2/7/2021 20:26,1605,1336,1080,48.76%,22.56033578,215,953,26.68924083,13.36
2/7/2021 20:31,1605,1339,1080,49.33%,22.45540399,214,953,27.62983126,13.39
2/7/2021 20:36,1605,1336,1080,48.76%,22.35047219,213,953,26.68924083,13.36
2/7/2021 20:41,1605,1336,1080,48.76%,22.2455404,212,953,26.68924083,13.36
2/7/2021 20:46,1605,1336,1080,48.76%,22.1406086,211,953,26.68924083,13.36
2/7/2021 20:51,1605,1334,1080,48.38%,22.03567681,210,953,26.06621876,13.34
2/7/2021 20:56,1605,1334,1080,48.38%,21.93074502,209,953,26.06621876,13.34
2/7/2021 21:01,1605,1336,1080,48.76%,21.82581322,208,953,26.68924083,13.36
2/7/2021 21:03,1605,1336,1080,48.76%,21.72088143,207,953,26.68924083,13.36
2/7/2021 21:06,1605,1335,1080,48.57%,21.61594963,206,953,26.37731686,13.35
2/7/2021 21:11,1605,1333,1080,48.19%,21.51101784,205,953,25.75596021,13.33
2/7/2021 21:16,1605,1332,1080,48.00%,21.40608604,204,953,25.44655489,13.32
2/7/2021 21:21,1605,1334,1080,48.38%,21.30115425,203,953,26.06621876,13.34
2/7/2021 21:26,1605,1333,1080,48.19%,21.19622246,202,953,25.75596021,13.33
2/7/2021 21:27,1605,1333,1080,48.19%,21.09129066,201,953,25.75596021,13.33
2/7/2021 21:31,1605,1329,1080,47.43%,20.98635887,200,953,24.52359503,13.29
2/7/2021 21:36,1605,1331,1080,47.81%,20.88142707,199,953,25.13801646,13.31
2/7/2021 21:41,1605,1333,1080,48.19%,20.77649528,198,953,25.75596021,13.33
2/7/2021 21:43,1605,1333,1080,48.19%,20.67156348,197,953,25.75596021,13.33
2/7/2021 21:46,1605,1331,1080,47.81%,20.56663169,196,953,25.13801646,13.31
2/7/2021 21:51,1605,1330,1080,47.62%,20.4616999,195,953,24.83035862,13.3
2/7/2021 21:56,1605,1328,1080,47.24%,20.3567681,194,953,24.21773936,13.28
2/7/2021 22:00,1605,1328,1080,47.24%,20.25183631,193,953,24.21773936,13.28
2/7/2021 22:01,1605,1330,1080,47.62%,20.14690451,192,953,24.83035862,13.3
2/7/2021 22:06,1605,1328,1080,47.24%,20.04197272,191,953,24.21773936,13.28
2/7/2021 22:11,1605,1328,1080,47.24%,19.93704092,190,953,24.21773936,13.28
2/7/2021 22:15,1605,1328,1080,47.24%,19.83210913,189,953,24.21773936,13.28
2/7/2021 22:16,1605,1328,1080,47.24%,19.72717733,188,953,24.21773936,13.28
2/7/2021 22:21,1605,1327,1080,47.05%,19.62224554,187,953,23.9128053,13.27
2/7/2021 22:26,1605,1327,1080,47.05%,19.51731375,186,953,23.9128053,13.27
2/7/2021 22:31,1605,1328,1080,47.24%,19.41238195,185,953,24.21773936,13.28
2/7/2021 22:36,1605,1326,1080,46.86%,19.30745016,184,953,23.60880651,13.26
2/7/2021 22:41,1605,1327,1080,47.05%,19.20251836,183,953,23.9128053,13.27
2/7/2021 22:46,1605,1325,1080,46.67%,19.09758657,182,953,23.30575668,13.25
2/7/2021 22:51,1605,1326,1080,46.86%,18.99265477,181,953,23.60880651,13.26
2/7/2021 22:56,1605,1324,1080,46.48%,18.88772298,180,953,23.00366947,13.24
2/7/2021 23:01,1605,1325,1080,46.67%,18.78279119,179,953,23.30575668,13.25
2/7/2021 23:06,1605,1323,1080,46.29%,18.67785939,178,953,22.70255857,13.23
2/7/2021 23:09,1605,1323,1080,46.29%,18.5729276,177,953,22.70255857,13.23
2/7/2021 23:11,1605,1324,1080,46.48%,18.4679958,176,953,23.00366947,13.24
2/7/2021 23:16,1605,1322,1080,46.10%,18.36306401,175,953,22.40243764,13.22
2/7/2021 23:21,1605,1323,1080,46.29%,18.25813221,174,953,22.70255857,13.23
2/7/2021 23:26,1605,1321,1080,45.90%,18.15320042,173,953,22.10332037,13.21
2/7/2021 23:31,1605,1321,1080,45.90%,18.04826863,172,953,22.10332037,13.21
2/7/2021 23:36,1605,1321,1080,45.90%,17.94333683,171,953,22.10332037,13.21
2/7/2021 23:41,1605,1322,1080,46.10%,17.83840504,170,953,22.40243764,13.22
2/7/2021 23:46,1605,1320,1080,45.71%,17.73347324,169,953,21.80522043,13.2
2/7/2021 23:51,1605,1321,1080,45.90%,17.62854145,168,953,22.10332037,13.21
2/7/2021 23:56,1605,1319,1080,45.52%,17.52360965,167,953,21.50815149,13.19
2/8/2021 0:01,1605,1319,1080,45.52%,17.41867786,166,953,21.50815149,13.19
2/8/2021 0:06,1605,1318,1080,45.33%,17.31374607,165,953,21.21212723,13.18
2/8/2021 0:11,1605,1317,1080,45.14%,17.20881427,164,953,20.91716132,13.17
2/8/2021 0:16,1605,1317,1080,45.14%,17.10388248,163,953,20.91716132,13.17
2/8/2021 0:21,1605,1315,1080,44.76%,16.99895068,162,953,20.33045927,13.15
2/8/2021 0:26,1605,1314,1080,44.57%,16.89401889,161,953,20.03875048,13.14
2/8/2021 0:31,1605,1315,1080,44.76%,16.78908709,160,953,20.33045927,13.15
2/8/2021 0:36,1605,1316,1080,44.95%,16.6841553,159,953,20.62326744,13.16
2/8/2021 0:41,1605,1315,1080,44.76%,16.5792235,158,953,20.33045927,13.15
2/8/2021 0:46,1605,1313,1080,44.38%,16.47429171,157,953,19.74815474,13.13
2/8/2021 0:51,1605,1313,1080,44.38%,16.36935992,156,953,19.74815474,13.13
2/8/2021 0:56,1605,1311,1080,44.00%,16.26442812,155,953,19.17035713,13.11
2/8/2021 1:01,1605,1312,1080,44.19%,16.15949633,154,953,19.45868573,13.12
2/8/2021 1:06,1605,1310,1080,43.81%,16.05456453,153,953,18.8831826,13.1
2/8/2021 1:11,1605,1311,1080,44.00%,15.94963274,152,953,19.17035713,13.11
2/8/2021 1:16,1605,1309,1080,43.62%,15.84470094,151,953,18.59717584,13.09
2/8/2021 1:18,1605,1309,1080,43.62%,15.73976915,150,953,18.59717584,13.09
2/8/2021 1:19,1605,1309,1080,43.62%,15.63483736,149,953,18.59717584,13.09
2/8/2021 1:19,1605,1309,1080,43.62%,15.52990556,148,953,18.59717584,13.09
2/8/2021 1:19,1605,1309,1080,43.62%,15.42497377,147,953,18.59717584,13.09
2/8/2021 1:19,1605,1309,1080,43.62%,15.32004197,146,953,18.59717584,13.09
2/8/2021 1:19,1605,1309,1080,43.62%,15.21511018,145,953,18.59717584,13.09
2/8/2021 1:21,1605,1309,1080,43.62%,15.11017838,144,953,18.59717584,13.09
2/8/2021 1:26,1605,1308,1080,43.43%,15.00524659,143,953,18.3123505,13.08
2/8/2021 1:31,1605,1307,1080,43.24%,14.9003148,142,953,18.02872027,13.07
2/8/2021 1:36,1605,1307,1080,43.24%,14.795383,141,953,18.02872027,13.07
2/8/2021 1:37,1605,1307,1080,43.24%,14.69045121,140,953,18.02872027,13.07
2/8/2021 1:41,1605,1305,1080,42.86%,14.58551941,139,953,17.46509982,13.05
2/8/2021 1:46,1605,1305,1080,42.86%,14.48058762,138,953,17.46509982,13.05
2/8/2021 1:51,1605,1304,1080,42.67%,14.37565582,137,953,17.18513696,13.04
2/8/2021 1:56,1605,1304,1080,42.67%,14.27072403,136,953,17.18513696,13.04
2/8/2021 2:01,1605,1305,1080,42.86%,14.16579224,135,953,17.46509982,13.05
2/8/2021 2:06,1605,1302,1080,42.29%,14.06086044,134,953,16.62897433,13.02
2/8/2021 2:11,1605,1302,1080,42.29%,13.95592865,133,953,16.62897433,13.02
2/8/2021 2:16,1605,1298,1080,41.52%,13.85099685,132,953,15.53208435,12.98
2/8/2021 2:21,1605,1300,1080,41.90%,13.74606506,131,953,16.07792033,13
2/8/2021 2:25,1605,1300,1080,41.90%,13.64113326,130,953,16.07792033,13
2/8/2021 2:26,1605,1298,1080,41.52%,13.53620147,129,953,15.53208435,12.98
2/8/2021 2:31,1605,1299,1080,41.71%,13.43126967,128,953,15.80434325,12.99
2/8/2021 2:36,1605,1296,1080,41.14%,13.32633788,127,953,14.99157581,12.96
2/8/2021 2:41,1605,1297,1080,41.33%,13.22140609,126,953,15.26115731,12.97
2/8/2021 2:46,1605,1297,1080,41.33%,13.11647429,125,953,15.26115731,12.97
2/8/2021 2:51,1605,1297,1080,41.33%,13.0115425,124,953,15.26115731,12.97
2/8/2021 2:56,1605,1297,1080,41.33%,12.9066107,123,953,15.26115731,12.97
2/8/2021 3:01,1605,1296,1080,41.14%,12.80167891,122,953,14.99157581,12.96
2/8/2021 3:06,1605,1296,1080,41.14%,12.69674711,121,953,14.99157581,12.96
2/8/2021 3:11,1605,1294,1080,40.76%,12.59181532,120,953,14.4565041,12.94
2/8/2021 3:16,1605,1295,1080,40.95%,12.48688353,119,953,14.72335351,12.95
2/8/2021 3:21,1605,1293,1080,40.57%,12.38195173,118,953,14.19104124,12.93
2/8/2021 3:26,1605,1293,1080,40.57%,12.27701994,117,953,14.19104124,12.93
2/8/2021 3:31,1605,1291,1080,40.19%,12.17208814,116,953,13.66432991,12.91
2/8/2021 3:36,1605,1291,1080,40.19%,12.06715635,115,953,13.66432991,12.91
2/8/2021 3:39,1605,1291,1080,40.19%,11.96222455,114,953,13.66432991,12.91
2/8/2021 3:41,1605,1288,1080,39.62%,11.85729276,113,953,12.88500397,12.88
2/8/2021 3:46,1605,1288,1080,39.62%,11.75236097,112,953,12.88500397,12.88
2/8/2021 3:47,1605,1288,1080,39.62%,11.64742917,111,953,12.88500397,12.88
2/8/2021 3:51,1605,1286,1080,39.24%,11.54249738,110,953,12.3727736,12.86
2/8/2021 3:56,1605,1287,1080,39.43%,11.43756558,109,953,12.62814765,12.87
2/8/2021 4:01,1605,1284,1080,38.86%,11.33263379,108,953,11.86652707,12.84
2/8/2021 4:06,1605,1285,1080,39.05%,11.22770199,107,953,12.11889552,12.85
2/8/2021 4:11,1605,1283,1080,38.67%,11.1227702,106,953,11.61568194,12.83
2/8/2021 4:16,1605,1283,1080,38.67%,11.01783841,105,953,11.61568194,12.83
2/8/2021 4:21,1605,1281,1080,38.29%,10.91290661,104,953,11.1186163,12.81
2/8/2021 4:26,1605,1280,1080,38.10%,10.80797482,103,953,10.87242314,12.8
2/8/2021 4:31,1605,1283,1080,38.67%,10.70304302,102,953,11.61568194,12.83
2/8/2021 4:36,1605,1278,1080,37.71%,10.59811123,101,953,10.38478454,12.78
2/8/2021 4:41,1605,1278,1080,37.71%,10.49317943,100,953,10.38478454,12.78
2/8/2021 4:46,1605,1271,1080,36.38%,10.38824764,99,953,8.729336263,12.71
2/8/2021 4:51,1605,1277,1080,37.52%,10.28331584,98,953,10.14336644,12.77
2/8/2021 4:56,1605,1277,1080,37.52%,10.17838405,97,953,10.14336644,12.77
2/8/2021 5:01,1605,1277,1080,37.52%,10.07345226,96,953,10.14336644,12.77
2/8/2021 5:06,1605,1277,1080,37.52%,9.968520462,95,953,10.14336644,12.77
2/8/2021 5:11,1605,1275,1080,37.14%,9.863588667,94,953,9.665401036,12.75
2/8/2021 5:16,1605,1275,1080,37.14%,9.758656873,93,953,9.665401036,12.75
2/8/2021 5:21,1605,1275,1080,37.14%,9.653725079,92,953,9.665401036,12.75
2/8/2021 5:26,1605,1276,1080,37.33%,9.548793284,91,953,9.903567384,12.76
2/8/2021 5:31,1605,1274,1080,36.95%,9.44386149,90,953,9.428881074,12.74
2/8/2021 5:36,1605,1274,1080,36.95%,9.338929696,89,953,9.428881074,12.74
2/8/2021 5:41,1605,1273,1080,36.76%,9.233997901,88,953,9.194021175,12.73
2/8/2021 5:46,1605,1271,1080,36.38%,9.129066107,87,953,8.729336263,12.71
2/8/2021 5:51,1605,1271,1080,36.38%,9.024134313,86,953,8.729336263,12.71
2/8/2021 5:56,1605,1270,1080,36.19%,8.919202518,85,953,8.499538601,12.7
2/8/2021 6:01,1605,1270,1080,36.19%,8.814270724,84,953,8.499538601,12.7
2/8/2021 6:06,1605,1269,1080,36.00%,8.70933893,83,953,8.271455702,12.69
2/8/2021 6:11,1605,1268,1080,35.81%,8.604407135,82,953,8.045101241,12.68
2/8/2021 6:16,1605,1269,1080,36.00%,8.499475341,81,953,8.271455702,12.69
2/8/2021 6:21,1605,1267,1080,35.62%,8.394543547,80,953,7.820488892,12.67
2/8/2021 6:26,1605,1269,1080,36.00%,8.289611752,79,953,8.271455702,12.69
2/8/2021 6:31,1605,1266,1080,35.43%,8.184679958,78,953,7.597632332,12.66
2/8/2021 6:36,1605,1266,1080,35.43%,8.079748164,77,953,7.597632332,12.66
2/8/2021 6:41,1605,1265,1080,35.24%,7.974816369,76,953,7.376545236,12.65
2/8/2021 6:46,1605,1265,1080,35.24%,7.869884575,75,953,7.376545236,12.65
2/8/2021 6:51,1605,1264,1080,35.05%,7.764952781,74,953,7.157241278,12.64
2/8/2021 6:56,1605,1263,1080,34.86%,7.660020986,73,953,6.939734134,12.63
2/8/2021 7:00,1605,1263,1080,34.86%,7.555089192,72,953,6.939734134,12.63
2/8/2021 7:01,1605,1264,1080,35.05%,7.450157398,71,953,7.157241278,12.64
2/8/2021 7:06,1605,1262,1080,34.67%,7.345225603,70,953,6.72403748,12.62
2/8/2021 7:11,1605,1263,1080,34.86%,7.240293809,69,953,6.939734134,12.63
2/8/2021 7:16,1605,1263,1080,34.86%,7.135362015,68,953,6.939734134,12.63
2/8/2021 7:16,1605,1261,1080,34.48%,7.03043022,67,953,6.510164989,12.61
2/8/2021 7:21,1605,1262,1080,34.67%,6.925498426,66,953,6.72403748,12.62
2/8/2021 7:26,1605,1260,1080,34.29%,6.820566632,65,953,6.298130338,12.6
2/8/2021 7:31,1605,1261,1080,34.48%,6.715634837,64,953,6.510164989,12.61
2/8/2021 7:36,1605,1261,1080,34.48%,6.610703043,63,953,6.510164989,12.61
2/8/2021 7:41,1605,1259,1080,34.10%,6.505771249,62,953,6.087947201,12.59
2/8/2021 7:46,1605,1256,1080,33.52%,6.400839454,61,953,5.468643631,12.56
2/8/2021 7:47,1605,1256,1080,33.52%,6.29590766,60,953,5.468643631,12.56
2/8/2021 7:51,1605,1258,1080,33.90%,6.190975866,59,953,5.879629254,12.58
2/8/2021 7:56,1605,1258,1080,33.90%,6.086044071,58,953,5.879629254,12.58
2/8/2021 8:01,1605,1255,1080,33.33%,5.981112277,57,953,5.266003305,12.55
2/8/2021 8:06,1605,1255,1080,33.33%,5.876180483,56,953,5.266003305,12.55
2/8/2021 8:11,1605,1253,1080,32.95%,5.771248688,55,953,4.866495999,12.53
2/8/2021 8:16,1605,1253,1080,32.95%,5.666316894,54,953,4.866495999,12.53
2/8/2021 8:16,1605,1252,1080,32.76%,5.5613851,53,953,4.669656369,12.52
2/8/2021 8:21,1605,1252,1080,32.76%,5.456453305,52,953,4.669656369,12.52
2/8/2021 8:25,1605,1252,1080,32.76%,5.351521511,51,953,4.669656369,12.52
2/8/2021 8:26,1605,1250,1080,32.38%,5.246589717,50,953,4.281873534,12.5
2/8/2021 8:31,1605,1249,1080,32.19%,5.141657922,49,953,4.090957679,12.49
2/8/2021 8:36,1605,1248,1080,32.00%,5.036726128,48,953,3.902043765,12.48
2/8/2021 8:38,1605,1248,1080,32.00%,4.931794334,47,953,3.902043765,12.48
2/8/2021 8:41,1605,1247,1080,31.81%,4.826862539,46,953,3.715145467,12.47
2/8/2021 8:46,1605,1249,1080,32.19%,4.721930745,45,953,4.090957679,12.49
2/8/2021 8:51,1605,1245,1080,31.43%,4.616998951,44,953,3.347450424,12.45
2/8/2021 9:15,1605,1238,1080,30.10%,4.512067156,43,953,2.126019953,12.38
2/8/2021 9:20,1605,1236,1080,29.71%,4.407135362,42,953,1.796206008,12.36
2/8/2021 9:22,1605,1236,1080,29.71%,4.302203568,41,953,1.796206008,12.36
2/8/2021 9:25,1605,1237,1080,29.90%,4.197271773,40,953,1.960029959,12.37
2/8/2021 9:30,1605,1235,1080,29.52%,4.092339979,39,953,1.634561777,12.35
2/8/2021 9:35,1605,1234,1080,29.33%,3.987408185,38,953,1.47511094,12.34
2/8/2021 9:40,1605,1231,1080,28.76%,3.88247639,37,953,1.010055544,12.31
2/8/2021 9:45,1605,1233,1080,29.14%,3.777544596,36,953,1.317867172,12.33
2/8/2021 9:50,1605,1233,1080,29.14%,3.672612802,35,953,1.317867172,12.33
2/8/2021 9:55,1605,1233,1080,29.14%,3.567681007,34,953,1.317867172,12.33
2/8/2021 9:55,1605,1230,1080,28.57%,3.462749213,33,953,0.859515035,12.3
2/8/2021 10:00,1605,1229,1080,28.38%,3.357817419,32,953,0.711236297,12.29
2/8/2021 10:05,1605,1224,1080,27.43%,3.252885624,31,953,0.004247785,12.24
2/8/2021 10:10,1605,1220,1080,26.67%,3.14795383,30,953,-0.519236295,12.2
2/8/2021 10:15,1605,1217,1080,26.10%,3.043022036,29,953,-0.886712738,12.17
2/8/2021 10:20,1605,1215,1080,25.71%,2.938090241,28,953,-1.119522088,12.15
2/8/2021 10:25,1605,1212,1080,25.14%,2.833158447,27,953,-1.450200191,12.12
2/8/2021 10:30,1605,1210,1080,24.76%,2.728226653,26,953,-1.658135436,12.1
2/8/2021 10:34,1605,1210,1080,24.76%,2.623294858,25,953,-1.658135436,12.1
2/8/2021 10:35,1605,1204,1080,23.62%,2.518363064,24,953,-2.220656993,12.04
2/8/2021 10:40,1605,1202,1080,23.24%,2.41343127,23,953,-2.387371449,12.02
2/8/2021 10:45,1605,1198,1080,22.48%,2.308499475,22,953,-2.688954858,11.98
2/8/2021 10:50,1605,1197,1080,22.29%,2.203567681,21,953,-2.757636458,11.97
2/8/2021 10:55,1605,1192,1080,21.33%,2.098635887,20,953,-3.06007519,11.92
2/8/2021 11:00,1605,1186,1080,20.19%,1.993704092,19,953,-3.331064149,11.86
2/8/2021 11:05,1605,1183,1080,19.62%,1.888772298,18,953,-3.42808629,11.83
2/8/2021 11:07,1605,1183,1080,19.62%,1.783840504,17,953,-3.42808629,11.83
2/8/2021 11:10,1605,1180,1080,19.05%,1.678908709,16,953,-3.498967898,11.8
2/8/2021 11:15,1605,1172,1080,17.52%,1.573976915,15,953,-3.557379387,11.72
2/8/2021 11:20,1605,1168,1080,16.76%,1.469045121,14,953,-3.513704402,11.68
2/8/2021 11:25,1605,1165,1080,16.19%,1.364113326,13,953,-3.448344897,11.65
2/8/2021 11:30,1605,1160,1080,15.24%,1.259181532,12,953,-3.276216915,11.6
2/8/2021 11:35,1605,1154,1080,14.10%,1.154249738,11,953,-2.963284825,11.54
2/8/2021 11:40,1605,1149,1080,13.14%,1.049317943,10,953,-2.611853631,11.49
2/8/2021 11:43,1605,1149,1080,13.14%,0.944386149,9,953,-2.611853631,11.49
2/8/2021 11:45,1605,1140,1080,11.43%,0.839454355,8,953,-1.765852796,11.4
2/8/2021 11:50,1605,1137,1080,10.86%,0.73452256,7,953,-1.421479167,11.37
2/8/2021 11:55,1605,1130,1080,9.52%,0.629590766,6,953,-0.493627855,11.3
2/8/2021 12:00,1605,1113,1080,6.29%,0.524658972,5,953,2.509399273,11.13
2/8/2021 12:05,1605,1111,1080,5.90%,0.419727177,4,953,2.934771002,11.11
2/8/2021 12:10,1605,1098,1080,3.43%,0.314795383,3,953,6.083765001,10.98
2/8/2021 12:12,1605,1098,1080,3.43%,0.209863589,2,953,6.083765001,10.98
2/8/2021 12:15,1605,1096,1080,3.05%,0.104931794,1,953,6.628476894,10.96
2/8/2021 12:20,1605,1087,1080,1.33%,0,0,953,9.283924997,10.87
